,A11(O2'), ,C13(O5'),  ,G3(O6),   ,Asn(ND2),Asn(OD1),Asp(OD1),Asp(OD2),Leu(O),Met(O),Ser(OG),Thr(OG1),    ,Mg_ion,     ,HOH(O),       ,None
G4(N7),0,,0,,0,,0,0,0,0,0,0,0,0,,0,,0,,6
G4(O6),0,,0,,2,,0,0,0,0,0,0,0,0,,1,,3,,4
U12(O4),0,,0,,0,,0,0,0,0,0,0,0,0,,1,,1,,4
,,,,,,,,,,,,,,,,,,,,
G4(N3),0,,0,,0,,0,0,0,3,0,0,0,0,,0,,1,,2
G4(N2),0,,0,,0,,0,0,0,4,0,0,0,0,,0,,0,,2
U12(O2),0,,0,,0,,2,1,0,0,0,0,0,0,,0,,0,,3
,,,,,,,,,,,,,,,,,,,,
G4(O2'),0,,0,,0,,0,0,4,2,1,1,0,0,,0,,1,,1
G4(O4'),0,,0,,0,,0,0,0,0,0,0,1,1,,0,,0,,4
U12(O2'),0,,1,,0,,0,2,0,0,0,0,0,5,,0,,0,,1
U12(O4'),6,,0,,0,,0,0,0,0,0,0,0,0,,0,,0,,0