PDB_ID,chain_ID_res1,res_index_res1,res_ID_res1,chain_ID_res2,res_index_res2,res_ID_res2,bp_res,name,Saenger,LW,DSSR,bp_ID
6YLG,1,172,G,1,246,U,1.G172-1.U246,--,--,cWW,cW-W,6YLG_1.G172-1.U246
7QEP,3,556,U,3,592,G,3.U556-3.G592,~Wobble,--,cWW,cW-W,7QEP_3.U556-3.G592
8G6W,A,1086,U,A,1099,G,A.U1086-A.G1099,~Wobble,--,cWW,cW-W,8G6W_A.U1086-A.G1099
8G6W,a,2304,G,a,2312,U,a.G2304-a.U2312,--,--,cWW,cW-W,8G6W_a.G2304-a.U2312
6TPQ,U,2331,G,U,2339,U,U.G2331-U.U2339,~Wobble,--,cWW,cW-W,6TPQ_U.G2331-U.U2339
6ZU1,AA,677,U,AA,713,G,AA.U677-AA.G713,~Wobble,--,cWW,cW-W,6ZU1_AA.U677-AA.G713
6ZU1,BA,2304,G,BA,2312,U,BA.G2304-BA.U2312,~Wobble,--,cWW,cW-W,6ZU1_BA.G2304-BA.U2312
1VQO,0,2586,U,0,2592,G,0.U2586-0.G2592,~Wobble,--,cWW,cW-W,1VQO_0.U2586-0.G2592
6HMA,A,428,G,A,438,U,A.G428-A.U438,--,--,cWW,cW-W,6HMA_A.G428-A.U438
6HMA,A,1515,G,A,1565,U,A.G1515-A.U1565,--,--,cWW,cW-W,6HMA_A.G1515-A.U1565
6HMA,B,1,U,B,114,G,B.U1-B.G114,~Wobble,--,cWW,cW-W,6HMA_B.U1-B.G114
4WT1,13,677,U,13,713,G,13.U677-13.G713,~Wobble,--,cWW,cW-W,4WT1_13.U677-13.G713
4WT1,1H,2304,G,1H,2312,U,1H.G2304-1H.U2312,~Wobble,--,cWW,cW-W,4WT1_1H.G2304-1H.U2312
4WT1,1G,677,U,1G,713,G,1G.U677-1G.G713,~Wobble,--,cWW,cW-W,4WT1_1G.U677-1G.G713
4WT1,1G,1086,U,1G,1099,G,1G.U1086-1G.G1099,~Wobble,--,cWW,cW-W,4WT1_1G.U1086-1G.G1099
6SPF,a,1080,U,a,1093,G,a.U1080-a.G1093,~Wobble,--,cWW,cW-W,6SPF_a.U1080-a.G1093
6SPF,a,1236,G,a,1289,U,a.G1236-a.U1289,--,--,cWW,cW-W,6SPF_a.G1236-a.U1289
8CRX,A,659,U,A,695,G,A.U659-A.G695,~Wobble,--,cWW,cW-W,8CRX_A.U659-A.G695
8CRX,a,2486,G,a,2494,U,a.G2486-a.U2494,~Wobble,--,cWW,cW-W,8CRX_a.G2486-a.U2494
7RQB,1A,2304,G,1A,2312,U,1A.G2304-1A.U2312,~Wobble,--,cWW,cW-W,7RQB_1A.G2304-1A.U2312
7RQB,1a,677,U,1a,713,G,1a.U677-1a.G713,~Wobble,--,cWW,cW-W,7RQB_1a.U677-1a.G713
7RQB,1a,1086,U,1a,1099,G,1a.U1086-1a.G1099,~Wobble,--,cWW,cW-W,7RQB_1a.U1086-1a.G1099
7RQB,2A,2304,G,2A,2312,U,2A.G2304-2A.U2312,~Wobble,--,cWW,cW-W,7RQB_2A.G2304-2A.U2312
7RQB,2a,677,U,2a,713,G,2a.U677-2a.G713,~Wobble,--,cWW,cW-W,7RQB_2a.U677-2a.G713
7RQB,2a,1086,U,2a,1099,G,2a.U1086-2a.G1099,~Wobble,--,cWW,cW-W,7RQB_2a.U1086-2a.G1099
3CC4,0,2586,U,0,2592,G,0.U2586-0.G2592,~Wobble,--,cWW,cW-W,3CC4_0.U2586-0.G2592
4WQY,AA,2316,G,AA,2324,U,AA.G2316-AA.U2324,~Wobble,--,cWW,cW-W,4WQY_AA.G2316-AA.U2324
4WQY,BA,677,U,BA,713,G,BA.U677-BA.G713,~Wobble,--,cWW,cW-W,4WQY_BA.U677-BA.G713
4WQY,BA,1086,U,BA,1099,G,BA.U1086-BA.G1099,~Wobble,--,cWW,cW-W,4WQY_BA.U1086-BA.G1099
4WQY,CA,2304,G,CA,2312,U,CA.G2304-CA.U2312,~Wobble,--,cWW,cW-W,4WQY_CA.G2304-CA.U2312
4WQY,DA,677,U,DA,713,G,DA.U677-DA.G713,~Wobble,--,cWW,cW-W,4WQY_DA.U677-DA.G713
4WQY,DA,1086,U,DA,1099,G,DA.U1086-DA.G1099,~Wobble,--,cWW,cW-W,4WQY_DA.U1086-DA.G1099
5AFI,a,677,U,a,713,G,a.U677-a.G713,~Wobble,--,cWW,cW-W,5AFI_a.U677-a.G713
5AFI,a,1086,U,a,1099,G,a.U1086-a.G1099,~Wobble,--,cWW,cW-W,5AFI_a.U1086-a.G1099
5ZET,B,81,U,B,92,G,B.U81-B.G92,~Wobble,--,cWW,cW-W,5ZET_B.U81-B.G92
5ZET,A,2528,G,A,2536,U,A.G2528-A.U2536,~Wobble,--,cWW,cW-W,5ZET_A.G2528-A.U2536
6CFJ,1A,2316,G,1A,2324,U,1A.G2316-1A.U2324,~Wobble,--,cWW,cW-W,6CFJ_1A.G2316-1A.U2324
6CFJ,1a,677,U,1a,713,G,1a.U677-1a.G713,~Wobble,--,cWW,cW-W,6CFJ_1a.U677-1a.G713
6CFJ,2a,677,U,2a,713,G,2a.U677-2a.G713,~Wobble,--,cWW,cW-W,6CFJ_2a.U677-2a.G713
1K8A,A,2586,U,A,2592,G,A.U2586-A.G2592,~Wobble,--,cWW,cW-W,1K8A_A.U2586-A.G2592
7JQL,1A,2304,G,1A,2312,U,1A.G2304-1A.U2312,~Wobble,--,cWW,cW-W,7JQL_1A.G2304-1A.U2312
7JQL,1a,677,U,1a,713,G,1a.U677-1a.G713,~Wobble,--,cWW,cW-W,7JQL_1a.U677-1a.G713
7JQL,2a,677,U,2a,713,G,2a.U677-2a.G713,~Wobble,--,cWW,cW-W,7JQL_2a.U677-2a.G713
7JQL,2a,1086,U,2a,1099,G,2a.U1086-2a.G1099,~Wobble,--,cWW,cW-W,7JQL_2a.U1086-2a.G1099
5NWY,0,677,U,0,713,G,0.U677-0.G713,~Wobble,--,cWW,cW-W,5NWY_0.U677-0.G713
5NWY,0,1086,U,0,1099,G,0.U1086-0.G1099,~Wobble,--,cWW,cW-W,5NWY_0.U1086-0.G1099
7RQA,1A,2304,G,1A,2312,U,1A.G2304-1A.U2312,~Wobble,--,cWW,cW-W,7RQA_1A.G2304-1A.U2312
7RQA,1a,677,U,1a,713,G,1a.U677-1a.G713,~Wobble,--,cWW,cW-W,7RQA_1a.U677-1a.G713
7RQA,2a,1086,U,2a,1099,G,2a.U1086-2a.G1099,~Wobble,--,cWW,cW-W,7RQA_2a.U1086-2a.G1099
5DOY,1A,2304,G,1A,2312,U,1A.G2304-1A.U2312,~Wobble,--,cWW,cW-W,5DOY_1A.G2304-1A.U2312
5DOY,1a,677,U,1a,713,G,1a.U677-1a.G713,~Wobble,--,cWW,cW-W,5DOY_1a.U677-1a.G713
5DOY,2a,677,U,2a,713,G,2a.U677-2a.G713,~Wobble,--,cWW,cW-W,5DOY_2a.U677-2a.G713
5DOY,2a,1086,U,2a,1099,G,2a.U1086-2a.G1099,~Wobble,--,cWW,cW-W,5DOY_2a.U1086-2a.G1099
5DAT,6,1277,G,6,1434,U,6.G1277-6.U1434,~Wobble,--,cWW,cW-W,5DAT_6.G1277-6.U1434
4WWW,QA,677,U,QA,713,G,QA.U677-QA.G713,--,--,cWW,cW-W,4WWW_QA.U677-QA.G713
4WWW,XA,677,U,XA,713,G,XA.U677-XA.G713,~Wobble,--,cWW,cW-W,4WWW_XA.U677-XA.G713
4WWW,YA,2304,G,YA,2312,U,YA.G2304-YA.U2312,~Wobble,--,cWW,cW-W,4WWW_YA.G2304-YA.U2312
4KHP,A,661,U,A,697,G,A.U661-A.G697,~Wobble,--,cWW,cW-W,4KHP_A.U661-A.G697
4KHP,A,1069,U,A,1082,G,A.U1069-A.G1082,--,--,cWW,cW-W,4KHP_A.U1069-A.G1082
4Y4O,1A,2316,G,1A,2324,U,1A.G2316-1A.U2324,~Wobble,--,cWW,cW-W,4Y4O_1A.G2316-1A.U2324
4Y4O,1a,677,U,1a,713,G,1a.U677-1a.G713,~Wobble,--,cWW,cW-W,4Y4O_1a.U677-1a.G713
4Y4O,1a,1414,U,1a,1486,G,1a.U1414-1a.G1486,--,--,cWW,cW-W,4Y4O_1a.U1414-1a.G1486
4Y4O,2A,2304,G,2A,2312,U,2A.G2304-2A.U2312,~Wobble,--,cWW,cW-W,4Y4O_2A.G2304-2A.U2312
4Y4O,2a,677,U,2a,713,G,2a.U677-2a.G713,~Wobble,--,cWW,cW-W,4Y4O_2a.U677-2a.G713
7QWQ,5,4740,G,5,4959,U,5.G4740-5.U4959,~Wobble,--,cWW,cW-W,7QWQ_5.G4740-5.U4959
7QWQ,5,4765,G,5,4869,U,5.G4765-5.U4869,~Wobble,--,cWW,cW-W,7QWQ_5.G4765-5.U4869
7QCA,S60,998,U,S60,1050,G,S60.U998-S60.G1050,~Wobble,--,cWW,cW-W,7QCA_S60.U998-S60.G1050
4V87,BA,677,U,BA,713,G,BA.U677-BA.G713,~Wobble,--,cWW,cW-W,4V87_BA.U677-BA.G713
4V87,CA,677,U,CA,713,G,CA.U677-CA.G713,~Wobble,--,cWW,cW-W,4V87_CA.U677-CA.G713
7NAX,A,677,U,A,713,G,A.U677-A.G713,~Wobble,--,cWW,cW-W,7NAX_A.U677-A.G713
7NAX,A,1086,U,A,1099,G,A.U1086-A.G1099,~Wobble,--,cWW,cW-W,7NAX_A.U1086-A.G1099
1VQK,0,2586,U,0,2592,G,0.U2586-0.G2592,~Wobble,--,cWW,cW-W,1VQK_0.U2586-0.G2592
1QVG,0,2586,U,0,2592,G,0.U2586-0.G2592,~Wobble,--,cWW,cW-W,1QVG_0.U2586-0.G2592
6DDG,1,428,G,1,438,U,1.G428-1.U438,~Wobble,--,cWW,cW-W,6DDG_1.G428-1.U438
4LNT,QA,677,U,QA,713,G,QA.U677-QA.G713,~Wobble,--,cWW,cW-W,4LNT_QA.U677-QA.G713
4LNT,RA,2304,G,RA,2312,U,RA.G2304-RA.U2312,~Wobble,--,cWW,cW-W,4LNT_RA.G2304-RA.U2312
4LNT,XA,677,U,XA,713,G,XA.U677-XA.G713,~Wobble,--,cWW,cW-W,4LNT_XA.U677-XA.G713
4LNT,XA,1086,U,XA,1099,G,XA.U1086-XA.G1099,~Wobble,--,cWW,cW-W,4LNT_XA.U1086-XA.G1099
4LNT,YA,2304,G,YA,2312,U,YA.G2304-YA.U2312,~Wobble,--,cWW,cW-W,4LNT_YA.G2304-YA.U2312
8CVJ,1A,2304,G,1A,2312,U,1A.G2304-1A.U2312,~Wobble,--,cWW,cW-W,8CVJ_1A.G2304-1A.U2312
8CVJ,1a,677,U,1a,713,G,1a.U677-1a.G713,~Wobble,--,cWW,cW-W,8CVJ_1a.U677-1a.G713
8CVJ,2A,2304,G,2A,2312,U,2A.G2304-2A.U2312,~Wobble,--,cWW,cW-W,8CVJ_2A.G2304-2A.U2312
8CVJ,2a,677,U,2a,713,G,2a.U677-2a.G713,~Wobble,--,cWW,cW-W,8CVJ_2a.U677-2a.G713
8CVJ,2a,1086,U,2a,1099,G,2a.U1086-2a.G1099,~Wobble,--,cWW,cW-W,8CVJ_2a.U1086-2a.G1099
3CCL,0,2586,U,0,2592,G,0.U2586-0.G2592,~Wobble,--,cWW,cW-W,3CCL_0.U2586-0.G2592
7RQ8,1A,2304,G,1A,2312,U,1A.G2304-1A.U2312,~Wobble,--,cWW,cW-W,7RQ8_1A.G2304-1A.U2312
7RQ8,1a,677,U,1a,713,G,1a.U677-1a.G713,~Wobble,--,cWW,cW-W,7RQ8_1a.U677-1a.G713
7RQ8,2a,677,U,2a,713,G,2a.U677-2a.G713,~Wobble,--,cWW,cW-W,7RQ8_2a.U677-2a.G713
7RQ8,2a,1086,U,2a,1099,G,2a.U1086-2a.G1099,~Wobble,--,cWW,cW-W,7RQ8_2a.U1086-2a.G1099
4WPO,AA,2316,G,AA,2324,U,AA.G2316-AA.U2324,~Wobble,--,cWW,cW-W,4WPO_AA.G2316-AA.U2324
4WPO,BA,677,U,BA,713,G,BA.U677-BA.G713,~Wobble,--,cWW,cW-W,4WPO_BA.U677-BA.G713
4WPO,CA,2304,G,CA,2312,U,CA.G2304-CA.U2312,~Wobble,--,cWW,cW-W,4WPO_CA.G2304-CA.U2312
4WPO,DA,677,U,DA,713,G,DA.U677-DA.G713,~Wobble,--,cWW,cW-W,4WPO_DA.U677-DA.G713
4WPO,DA,1086,U,DA,1099,G,DA.U1086-DA.G1099,~Wobble,--,cWW,cW-W,4WPO_DA.U1086-DA.G1099
7S1K,C,677,U,C,713,G,C.U677-C.G713,~Wobble,--,cWW,cW-W,7S1K_C.U677-C.G713
7S1K,C,1086,U,C,1099,G,C.U1086-C.G1099,~Wobble,--,cWW,cW-W,7S1K_C.U1086-C.G1099
7S1K,I,2304,G,I,2312,U,I.G2304-I.U2312,~Wobble,--,cWW,cW-W,7S1K_I.G2304-I.U2312
7S9U,A,1497,G,A,1505,U,A.G1497-A.U1505,~Wobble,--,cWW,cW-W,7S9U_A.G1497-A.U1505
5EL5,13,677,U,13,713,G,13.U677-13.G713,~Wobble,--,cWW,cW-W,5EL5_13.U677-13.G713
5EL5,1H,2304,G,1H,2312,U,1H.G2304-1H.U2312,~Wobble,--,cWW,cW-W,5EL5_1H.G2304-1H.U2312
5EL5,1G,677,U,1G,713,G,1G.U677-1G.G713,~Wobble,--,cWW,cW-W,5EL5_1G.U677-1G.G713
7ASP,X,13,U,X,22,G,X.U13-X.G22,~Wobble,--,cWW,cW-W,7ASP_X.U13-X.G22
7ASP,X,669,G,X,753,U,X.G669-X.U753,~Wobble,--,cWW,cW-W,7ASP_X.G669-X.U753
7ASP,3,3,U,3,112,G,3.U3-3.G112,~Wobble,--,cWW,cW-W,7ASP_3.U3-3.G112
3CME,0,2586,U,0,2592,G,0.U2586-0.G2592,~Wobble,--,cWW,cW-W,3CME_0.U2586-0.G2592
7UVY,A,2300,G,A,2308,U,A.G2300-A.U2308,~Wobble,--,cWW,cW-W,7UVY_A.G2300-A.U2308
7UVY,a,674,U,a,710,G,a.U674-a.G710,~Wobble,--,cWW,cW-W,7UVY_a.U674-a.G710
7UVY,a,1083,U,a,1096,G,a.U1083-a.G1096,~Wobble,--,cWW,cW-W,7UVY_a.U1083-a.G1096
5UQ8,a,677,U,a,713,G,a.U677-a.G713,~Wobble,--,cWW,cW-W,5UQ8_a.U677-a.G713
6YSS,A,2304,G,A,2312,U,A.G2304-A.U2312,~Wobble,--,cWW,cW-W,6YSS_A.G2304-A.U2312
6YSS,a,677,U,a,713,G,a.U677-a.G713,~Wobble,--,cWW,cW-W,6YSS_a.U677-a.G713
6YSS,a,1086,U,a,1099,G,a.U1086-a.G1099,~Wobble,--,cWW,cW-W,6YSS_a.U1086-a.G1099
5J4C,1A,2316,G,1A,2324,U,1A.G2316-1A.U2324,~Wobble,--,cWW,cW-W,5J4C_1A.G2316-1A.U2324
5J4C,1a,677,U,1a,713,G,1a.U677-1a.G713,~Wobble,--,cWW,cW-W,5J4C_1a.U677-1a.G713
5J4C,2a,677,U,2a,713,G,2a.U677-2a.G713,~Wobble,--,cWW,cW-W,5J4C_2a.U677-2a.G713
5J4C,2a,1086,U,2a,1099,G,2a.U1086-2a.G1099,~Wobble,--,cWW,cW-W,5J4C_2a.U1086-2a.G1099
4U51,5,1019,G,5,1033,U,5.G1019-5.U1033,~Wobble,--,cWW,cW-W,4U51_5.G1019-5.U1033
2VQF,A,677,U,A,713,G,A.U677-A.G713,~Wobble,--,cWW,cW-W,2VQF_A.U677-A.G713
4V8I,AA,677,U,AA,713,G,AA.U677-AA.G713,~Wobble,--,cWW,cW-W,4V8I_AA.U677-AA.G713
4V8I,AA,1086,U,AA,1099,G,AA.U1086-AA.G1099,~Wobble,--,cWW,cW-W,4V8I_AA.U1086-AA.G1099
4V8I,CA,677,U,CA,713,G,CA.U677-CA.G713,~Wobble,--,cWW,cW-W,4V8I_CA.U677-CA.G713
3CCQ,0,2586,U,0,2592,G,0.U2586-0.G2592,~Wobble,--,cWW,cW-W,3CCQ_0.U2586-0.G2592
7Z3N,1,1939,U,1,2045,G,1.U1939-1.G2045,~Wobble,--,cWW,cW-W,7Z3N_1.U1939-1.G2045
7NWT,1,2304,G,1,2312,U,1.G2304-1.U2312,~Wobble,--,cWW,cW-W,7NWT_1.G2304-1.U2312
7NWT,2,677,U,2,713,G,2.U677-2.G713,~Wobble,--,cWW,cW-W,7NWT_2.U677-2.G713
7NWT,2,1086,U,2,1099,G,2.U1086-2.G1099,~Wobble,--,cWW,cW-W,7NWT_2.U1086-2.G1099
6HA1,A,2130,G,A,2217,U,A.G2130-A.U2217,~Wobble,--,cWW,cW-W,6HA1_A.G2130-A.U2217
6HA1,A,2333,G,A,2341,U,A.G2333-A.U2341,~Wobble,--,cWW,cW-W,6HA1_A.G2333-A.U2341
6HA1,a,686,U,a,722,G,a.U686-a.G722,~Wobble,--,cWW,cW-W,6HA1_a.U686-a.G722
6HA1,a,1096,U,a,1109,G,a.U1096-a.G1109,~Wobble,--,cWW,cW-W,6HA1_a.U1096-a.G1109
6TC3,16S1,677,U,16S1,713,G,16S1.U677-16S1.G713,~Wobble,--,cWW,cW-W,6TC3_16S1.U677-16S1.G713
6TC3,16S1,1086,U,16S1,1099,G,16S1.U1086-16S1.G1099,~Wobble,--,cWW,cW-W,6TC3_16S1.U1086-16S1.G1099
6TC3,23S1,2304,G,23S1,2312,U,23S1.G2304-23S1.U2312,~Wobble,--,cWW,cW-W,6TC3_23S1.G2304-23S1.U2312
7B5K,a,677,U,a,713,G,a.U677-a.G713,~Wobble,--,cWW,cW-W,7B5K_a.U677-a.G713
7B5K,a,1086,U,a,1099,G,a.U1086-a.G1099,~Wobble,--,cWW,cW-W,7B5K_a.U1086-a.G1099
7Q81,A,11,U,B,5,G,A.U11-B.G5,~Wobble,--,cWW,cW-W,7Q81_A.U11-B.G5
1I94,A,660,U,A,696,G,A.U660-A.G696,--,--,cWW,cW-W,1I94_A.U660-A.G696
1I94,A,1068,U,A,1081,G,A.U1068-A.G1081,~Wobble,--,cWW,cW-W,1I94_A.U1068-A.G1081
7S1J,C,677,U,C,713,G,C.U677-C.G713,~Wobble,--,cWW,cW-W,7S1J_C.U677-C.G713
7S1J,C,1086,U,C,1099,G,C.U1086-C.G1099,~Wobble,--,cWW,cW-W,7S1J_C.U1086-C.G1099
5NGM,Aa,685,U,Aa,721,G,Aa.U685-Aa.G721,~Wobble,--,cWW,cW-W,5NGM_Aa.U685-Aa.G721
5NGM,Aa,849,U,Aa,854,G,Aa.U849-Aa.G854,~Wobble,--,cWW,cW-W,5NGM_Aa.U849-Aa.G854
5NGM,AA,428,G,AA,438,U,AA.G428-AA.U438,--,--,cWW,cW-W,5NGM_AA.G428-AA.U438
5J8B,A,2315,G,A,2323,U,A.G2315-A.U2323,~Wobble,--,cWW,cW-W,5J8B_A.G2315-A.U2323
5J8B,a,1069,U,a,1082,G,a.U1069-a.G1082,~Wobble,--,cWW,cW-W,5J8B_a.U1069-a.G1082
5EL7,13,677,U,13,713,G,13.U677-13.G713,~Wobble,--,cWW,cW-W,5EL7_13.U677-13.G713
5EL7,1H,2304,G,1H,2312,U,1H.G2304-1H.U2312,~Wobble,--,cWW,cW-W,5EL7_1H.G2304-1H.U2312
7P3K,A,1086,U,A,1099,G,A.U1086-A.G1099,~Wobble,--,cWW,cW-W,7P3K_A.U1086-A.G1099
1QVF,0,2586,U,0,2592,G,0.U2586-0.G2592,~Wobble,--,cWW,cW-W,1QVF_0.U2586-0.G2592
6XHX,1A,2304,G,1A,2312,U,1A.G2304-1A.U2312,~Wobble,--,cWW,cW-W,6XHX_1A.G2304-1A.U2312
6XHX,1a,677,U,1a,713,G,1a.U677-1a.G713,~Wobble,--,cWW,cW-W,6XHX_1a.U677-1a.G713
6XHX,2a,677,U,2a,713,G,2a.U677-2a.G713,~Wobble,--,cWW,cW-W,6XHX_2a.U677-2a.G713
6XHX,2a,1086,U,2a,1099,G,2a.U1086-2a.G1099,~Wobble,--,cWW,cW-W,6XHX_2a.U1086-2a.G1099
7R81,A1,155,G,A1,253,U,A1.G155-A1.U253,~Wobble,--,cWW,cW-W,7R81_A1.G155-A1.U253
1IBL,A,677,U,A,713,G,A.U677-A.G713,~Wobble,--,cWW,cW-W,1IBL_A.U677-A.G713
4V67,AA,677,U,AA,713,G,AA.U677-AA.G713,~Wobble,--,cWW,cW-W,4V67_AA.U677-AA.G713
4V67,AA,1086,U,AA,1099,G,AA.U1086-AA.G1099,~Wobble,--,cWW,cW-W,4V67_AA.U1086-AA.G1099
4V67,CA,677,U,CA,713,G,CA.U677-CA.G713,~Wobble,--,cWW,cW-W,4V67_CA.U677-CA.G713
4V67,CA,1086,U,CA,1099,G,CA.U1086-CA.G1099,~Wobble,--,cWW,cW-W,4V67_CA.U1086-CA.G1099
4V5K,CA,677,U,CA,713,G,CA.U677-CA.G713,~Wobble,--,cWW,cW-W,4V5K_CA.U677-CA.G713
4IO9,X,2283,G,X,2291,U,X.G2283-X.U2291,~Wobble,--,cWW,cW-W,4IO9_X.G2283-X.U2291
8EIU,A,677,U,A,713,G,A.U677-A.G713,~Wobble,--,cWW,cW-W,8EIU_A.U677-A.G713
8EIU,A,1086,U,A,1099,G,A.U1086-A.G1099,~Wobble,--,cWW,cW-W,8EIU_A.U1086-A.G1099
8EIU,a,2304,G,a,2312,U,a.G2304-a.U2312,~Wobble,--,cWW,cW-W,8EIU_a.G2304-a.U2312
7QH7,A,2947,U,A,2977,G,A.U2947-A.G2977,~Wobble,--,cWW,cW-W,7QH7_A.U2947-A.G2977
7OYA,51,1984,G,51,2202,U,51.G1984-51.U2202,~Wobble,--,cWW,cW-W,7OYA_51.G1984-51.U2202
4U3N,1,2875,U,1,2952,G,1.U2875-1.G2952,~Wobble,--,cWW,cW-W,4U3N_1.U2875-1.G2952
4U3N,5,1019,G,5,1033,U,5.G1019-5.U1033,~Wobble,--,cWW,cW-W,4U3N_5.G1019-5.U1033
1KD1,A,2586,U,A,2592,G,A.U2586-A.G2592,~Wobble,--,cWW,cW-W,1KD1_A.U2586-A.G2592
5HAU,1A,2315,G,1A,2323,U,1A.G2315-1A.U2323,~Wobble,--,cWW,cW-W,5HAU_1A.G2315-1A.U2323
5HAU,1a,661,U,1a,697,G,1a.U661-1a.G697,~Wobble,--,cWW,cW-W,5HAU_1a.U661-1a.G697
5HAU,1a,1069,U,1a,1082,G,1a.U1069-1a.G1082,~Wobble,--,cWW,cW-W,5HAU_1a.U1069-1a.G1082
5HAU,2a,661,U,2a,697,G,2a.U661-2a.G697,~Wobble,--,cWW,cW-W,5HAU_2a.U661-2a.G697
7NSQ,A,2304,G,A,2312,U,A.G2304-A.U2312,~Wobble,--,cWW,cW-W,7NSQ_A.G2304-A.U2312
7AF8,1,1086,U,1,1099,G,1.U1086-1.G1099,~Wobble,--,cWW,cW-W,7AF8_1.U1086-1.G1099
6YT9,2,674,U,2,710,G,2.U674-2.G710,~Wobble,--,cWW,cW-W,6YT9_2.U674-2.G710
7K00,A,677,U,A,713,G,A.U677-A.G713,~Wobble,--,cWW,cW-W,7K00_A.U677-A.G713
7K00,A,1086,U,A,1099,G,A.U1086-A.G1099,~Wobble,--,cWW,cW-W,7K00_A.U1086-A.G1099
7K00,a,2304,G,a,2312,U,a.G2304-a.U2312,~Wobble,--,cWW,cW-W,7K00_a.G2304-a.U2312
4V8B,AA,677,U,AA,713,G,AA.U677-AA.G713,~Wobble,--,cWW,cW-W,4V8B_AA.U677-AA.G713
4V8B,AA,1086,U,AA,1099,G,AA.U1086-AA.G1099,~Wobble,--,cWW,cW-W,4V8B_AA.U1086-AA.G1099
8AKN,B,677,U,B,713,G,B.U677-B.G713,~Wobble,--,cWW,cW-W,8AKN_B.U677-B.G713
8AKN,B,1086,U,B,1099,G,B.U1086-B.G1099,~Wobble,--,cWW,cW-W,8AKN_B.U1086-B.G1099
8AKN,a,2304,G,a,2312,U,a.G2304-a.U2312,~Wobble,--,cWW,cW-W,8AKN_a.G2304-a.U2312
6D9J,5,3695,U,5,3820,G,5.U3695-5.G3820,--,--,cWW,cW-W,6D9J_5.U3695-5.G3820
7K53,3,1086,U,3,1099,G,3.U1086-3.G1099,~Wobble,--,cWW,cW-W,7K53_3.U1086-3.G1099
7K53,1,2304,G,1,2312,U,1.G2304-1.U2312,~Wobble,--,cWW,cW-W,7K53_1.G2304-1.U2312
7SA4,1,2304,G,1,2312,U,1.G2304-1.U2312,~Wobble,--,cWW,cW-W,7SA4_1.G2304-1.U2312
7SA4,2,677,U,2,713,G,2.U677-2.G713,~Wobble,--,cWW,cW-W,7SA4_2.U677-2.G713
7SA4,2,1086,U,2,1099,G,2.U1086-2.G1099,~Wobble,--,cWW,cW-W,7SA4_2.U1086-2.G1099
7O1A,AA,677,U,AA,713,G,AA.U677-AA.G713,~Wobble,--,cWW,cW-W,7O1A_AA.U677-AA.G713
7O1A,BA,2304,G,BA,2312,U,BA.G2304-BA.U2312,~Wobble,--,cWW,cW-W,7O1A_BA.G2304-BA.U2312
1VY4,AA,677,U,AA,713,G,AA.U677-AA.G713,~Wobble,--,cWW,cW-W,1VY4_AA.U677-AA.G713
1VY4,BA,2304,G,BA,2312,U,BA.G2304-BA.U2312,~Wobble,--,cWW,cW-W,1VY4_BA.G2304-BA.U2312
1VY4,CA,677,U,CA,713,G,CA.U677-CA.G713,~Wobble,--,cWW,cW-W,1VY4_CA.U677-CA.G713
1VY4,CA,1086,U,CA,1099,G,CA.U1086-CA.G1099,~Wobble,--,cWW,cW-W,1VY4_CA.U1086-CA.G1099
1NJI,A,2586,U,A,2592,G,A.U2586-A.G2592,~Wobble,--,cWW,cW-W,1NJI_A.U2586-A.G2592
6I0Y,A,2304,G,A,2312,U,A.G2304-A.U2312,~Wobble,--,cWW,cW-W,6I0Y_A.G2304-A.U2312
5JC9,AA,677,U,AA,713,G,AA.U677-AA.G713,~Wobble,--,cWW,cW-W,5JC9_AA.U677-AA.G713
5JC9,BA,677,U,BA,713,G,BA.U677-BA.G713,~Wobble,--,cWW,cW-W,5JC9_BA.U677-BA.G713
5JC9,CA,2304,G,CA,2312,U,CA.G2304-CA.U2312,~Wobble,--,cWW,cW-W,5JC9_CA.G2304-CA.U2312
5JC9,DA,2304,G,DA,2312,U,DA.G2304-DA.U2312,~Wobble,--,cWW,cW-W,5JC9_DA.G2304-DA.U2312
1VQ8,0,2586,U,0,2592,G,0.U2586-0.G2592,~Wobble,--,cWW,cW-W,1VQ8_0.U2586-0.G2592
4YZV,QA,677,U,QA,713,G,QA.U677-QA.G713,~Wobble,--,cWW,cW-W,4YZV_QA.U677-QA.G713
4YZV,RA,2304,G,RA,2312,U,RA.G2304-RA.U2312,~Wobble,--,cWW,cW-W,4YZV_RA.G2304-RA.U2312
4YZV,XA,677,U,XA,713,G,XA.U677-XA.G713,~Wobble,--,cWW,cW-W,4YZV_XA.U677-XA.G713
4YZV,YA,2304,G,YA,2312,U,YA.G2304-YA.U2312,~Wobble,--,cWW,cW-W,4YZV_YA.G2304-YA.U2312
6ND6,1a,677,U,1a,713,G,1a.U677-1a.G713,~Wobble,--,cWW,cW-W,6ND6_1a.U677-1a.G713
2ZJR,X,2283,G,X,2291,U,X.G2283-X.U2291,--,--,cWW,cW-W,2ZJR_X.G2283-X.U2291
6W6P,A,2318,G,A,2326,U,A.G2318-A.U2326,~Wobble,--,cWW,cW-W,6W6P_A.G2318-A.U2326
7P7Q,A,2317,G,A,2325,U,A.G2317-A.U2325,~Wobble,--,cWW,cW-W,7P7Q_A.G2317-A.U2325
7P7Q,a,703,U,a,739,G,a.U703-a.G739,~Wobble,--,cWW,cW-W,7P7Q_a.U703-a.G739
7P7Q,a,1113,U,a,1126,G,a.U1113-a.G1126,~Wobble,--,cWW,cW-W,7P7Q_a.U1113-a.G1126
4V51,AA,677,U,AA,713,G,AA.U677-AA.G713,~Wobble,--,cWW,cW-W,4V51_AA.U677-AA.G713
4V51,BA,2304,G,BA,2312,U,BA.G2304-BA.U2312,~Wobble,--,cWW,cW-W,4V51_BA.G2304-BA.U2312
4V51,CA,677,U,CA,713,G,CA.U677-CA.G713,~Wobble,--,cWW,cW-W,4V51_CA.U677-CA.G713
4V51,DA,2304,G,DA,2312,U,DA.G2304-DA.U2312,~Wobble,--,cWW,cW-W,4V51_DA.G2304-DA.U2312
4B3R,A,677,U,A,713,G,A.U677-A.G713,~Wobble,--,cWW,cW-W,4B3R_A.U677-A.G713
4B3R,A,1086,U,A,1099,G,A.U1086-A.G1099,~Wobble,--,cWW,cW-W,4B3R_A.U1086-A.G1099
7AFA,1,1086,U,1,1099,G,1.U1086-1.G1099,~Wobble,--,cWW,cW-W,7AFA_1.U1086-1.G1099
4V9P,BA,677,U,BA,713,G,BA.U677-BA.G713,~Wobble,--,cWW,cW-W,4V9P_BA.U677-BA.G713
4V9P,CA,2304,G,CA,2312,U,CA.G2304-CA.U2312,~Wobble,--,cWW,cW-W,4V9P_CA.G2304-CA.U2312
4V9P,FA,677,U,FA,713,G,FA.U677-FA.G713,~Wobble,--,cWW,cW-W,4V9P_FA.U677-FA.G713
4V9P,HA,677,U,HA,713,G,HA.U677-HA.G713,~Wobble,--,cWW,cW-W,4V9P_HA.U677-HA.G713
6GSL,13,677,U,13,713,G,13.U677-13.G713,~Wobble,--,cWW,cW-W,6GSL_13.U677-13.G713
6GSL,1H,2304,G,1H,2312,U,1H.G2304-1H.U2312,~Wobble,--,cWW,cW-W,6GSL_1H.G2304-1H.U2312
6GSL,14,2304,G,14,2312,U,14.G2304-14.U2312,~Wobble,--,cWW,cW-W,6GSL_14.G2304-14.U2312
7LV0,3,1086,U,3,1099,G,3.U1086-3.G1099,~Wobble,--,cWW,cW-W,7LV0_3.U1086-3.G1099
8B0X,A,677,U,A,713,G,A.U677-A.G713,~Wobble,--,cWW,cW-W,8B0X_A.U677-A.G713
8B0X,A,1086,U,A,1099,G,A.U1086-A.G1099,~Wobble,--,cWW,cW-W,8B0X_A.U1086-A.G1099
8B0X,a,2308,G,a,2316,U,a.G2308-a.U2316,~Wobble,--,cWW,cW-W,8B0X_a.G2308-a.U2316
7PJS,A,2304,G,A,2312,U,A.G2304-A.U2312,~Wobble,--,cWW,cW-W,7PJS_A.G2304-A.U2312
7PJS,a,677,U,a,713,G,a.U677-a.G713,~Wobble,--,cWW,cW-W,7PJS_a.U677-a.G713
7PJS,a,1086,U,a,1099,G,a.U1086-a.G1099,~Wobble,--,cWW,cW-W,7PJS_a.U1086-a.G1099
361D,A,81,G,A,95,U,A.G81-A.U95,~Wobble,--,cWW,cW-W,361D_A.G81-A.U95
361D,B,81,G,B,95,U,B.G81-B.U95,~Wobble,--,cWW,cW-W,361D_B.G81-B.U95
5FDU,1A,2316,G,1A,2324,U,1A.G2316-1A.U2324,~Wobble,--,cWW,cW-W,5FDU_1A.G2316-1A.U2324
5FDU,1a,677,U,1a,713,G,1a.U677-1a.G713,~Wobble,--,cWW,cW-W,5FDU_1a.U677-1a.G713
5FDU,1a,1086,U,1a,1099,G,1a.U1086-1a.G1099,~Wobble,--,cWW,cW-W,5FDU_1a.U1086-1a.G1099
5FDU,2A,2304,G,2A,2312,U,2A.G2304-2A.U2312,~Wobble,--,cWW,cW-W,5FDU_2A.G2304-2A.U2312
5FDU,2a,1086,U,2a,1099,G,2a.U1086-2a.G1099,~Wobble,--,cWW,cW-W,5FDU_2a.U1086-2a.G1099
7Q7Y,A,11,U,B,5,G,A.U11-B.G5,~Wobble,--,cWW,cW-W,7Q7Y_A.U11-B.G5
6WDE,3,1086,U,3,1099,G,3.U1086-3.G1099,~Wobble,--,cWW,cW-W,6WDE_3.U1086-3.G1099
7U0H,1,461,U,1,469,G,1.U461-1.G469,~Wobble,--,cWW,cW-W,7U0H_1.U461-1.G469
7U0H,1,542,G,1,549,U,1.G542-1.U549,~Wobble,--,cWW,cW-W,7U0H_1.G542-1.U549
6OM0,t,1411,U,t,1438,G,t.U1411-t.G1438,~Wobble,--,cWW,cW-W,6OM0_t.U1411-t.G1438
6OM0,t,4732,U,t,4820,G,t.U4732-t.G4820,~Wobble,--,cWW,cW-W,6OM0_t.U4732-t.G4820
7M5D,2,1086,U,2,1099,G,2.U1086-2.G1099,~Wobble,--,cWW,cW-W,7M5D_2.U1086-2.G1099
1VY7,AA,677,U,AA,713,G,AA.U677-AA.G713,~Wobble,--,cWW,cW-W,1VY7_AA.U677-AA.G713
1VY7,AA,1086,U,AA,1099,G,AA.U1086-AA.G1099,~Wobble,--,cWW,cW-W,1VY7_AA.U1086-AA.G1099
1VY7,BA,2304,G,BA,2312,U,BA.G2304-BA.U2312,~Wobble,--,cWW,cW-W,1VY7_BA.G2304-BA.U2312
1VY7,CA,677,U,CA,713,G,CA.U677-CA.G713,~Wobble,--,cWW,cW-W,1VY7_CA.U677-CA.G713
1VY7,DA,881,G,DA,895,U,DA.G881-DA.U895,~Wobble,--,cWW,cW-W,1VY7_DA.G881-DA.U895
1VQ9,0,2586,U,0,2592,G,0.U2586-0.G2592,~Wobble,--,cWW,cW-W,1VQ9_0.U2586-0.G2592
1KQS,0,2586,U,0,2592,G,0.U2586-0.G2592,~Wobble,--,cWW,cW-W,1KQS_0.U2586-0.G2592
4V7Z,AA,677,U,AA,713,G,AA.U677-AA.G713,~Wobble,--,cWW,cW-W,4V7Z_AA.U677-AA.G713
4V7Z,CA,677,U,CA,713,G,CA.U677-CA.G713,~Wobble,--,cWW,cW-W,4V7Z_CA.U677-CA.G713
6OF1,1A,2304,G,1A,2312,U,1A.G2304-1A.U2312,~Wobble,--,cWW,cW-W,6OF1_1A.G2304-1A.U2312
6OF1,2A,2304,G,2A,2312,U,2A.G2304-2A.U2312,~Wobble,--,cWW,cW-W,6OF1_2A.G2304-2A.U2312
6OF1,1a,677,U,1a,713,G,1a.U677-1a.G713,~Wobble,--,cWW,cW-W,6OF1_1a.U677-1a.G713
6OF1,2a,677,U,2a,713,G,2a.U677-2a.G713,~Wobble,--,cWW,cW-W,6OF1_2a.U677-2a.G713
8EUY,1,1022,U,1,1091,G,1.U1022-1.G1091,--,--,cWW,cW-W,8EUY_1.U1022-1.G1091
8EUY,1,3285,G,1,3302,U,1.G3285-1.U3302,~Wobble,--,cWW,cW-W,8EUY_1.G3285-1.U3302
5NDK,13,1306,U,13,1342,G,13.U1306-13.G1342,~Wobble,--,cWW,cW-W,5NDK_13.U1306-13.G1342
5NDK,1G,1306,U,1G,1342,G,1G.U1306-1G.G1342,~Wobble,--,cWW,cW-W,5NDK_1G.U1306-1G.G1342
5NDK,1G,1714,U,1G,1727,G,1G.U1714-1G.G1727,~Wobble,--,cWW,cW-W,5NDK_1G.U1714-1G.G1727
5NDK,1H,2319,G,1H,2327,U,1H.G2319-1H.U2327,~Wobble,--,cWW,cW-W,5NDK_1H.G2319-1H.U2327
4U4Q,5,170,G,5,248,U,5.G170-5.U248,~Wobble,--,cWW,cW-W,4U4Q_5.G170-5.U248
6WD0,3,1086,U,3,1099,G,3.U1086-3.G1099,~Wobble,--,cWW,cW-W,6WD0_3.U1086-3.G1099
7NSO,A,882,G,A,894,U,A.G882-A.U894,--,--,cWW,cW-W,7NSO_A.G882-A.U894
7NSO,A,2136,G,A,2155,U,A.G2136-A.U2155,~Wobble,--,cWW,cW-W,7NSO_A.G2136-A.U2155
7NSO,a,677,U,a,713,G,a.U677-a.G713,~Wobble,--,cWW,cW-W,7NSO_a.U677-a.G713
4WSD,13,677,U,13,713,G,13.U677-13.G713,~Wobble,--,cWW,cW-W,4WSD_13.U677-13.G713
4WSD,1H,2304,G,1H,2312,U,1H.G2304-1H.U2312,~Wobble,--,cWW,cW-W,4WSD_1H.G2304-1H.U2312
4WSD,1G,677,U,1G,713,G,1G.U677-1G.G713,~Wobble,--,cWW,cW-W,4WSD_1G.U677-1G.G713
7N31,16,677,U,16,713,G,16.U677-16.G713,~Wobble,--,cWW,cW-W,7N31_16.U677-16.G713
7N31,16,1086,U,16,1099,G,16.U1086-16.G1099,~Wobble,--,cWW,cW-W,7N31_16.U1086-16.G1099
7N31,23,2304,G,23,2312,U,23.G2304-23.U2312,~Wobble,--,cWW,cW-W,7N31_23.G2304-23.U2312
4V95,AA,677,U,AA,713,G,AA.U677-AA.G713,~Wobble,--,cWW,cW-W,4V95_AA.U677-AA.G713
4V95,BA,2304,G,BA,2312,U,BA.G2304-BA.U2312,~Wobble,--,cWW,cW-W,4V95_BA.G2304-BA.U2312
4V95,CA,1086,U,CA,1099,G,CA.U1086-CA.G1099,~Wobble,--,cWW,cW-W,4V95_CA.U1086-CA.G1099
6O97,1A,2304,G,1A,2312,U,1A.G2304-1A.U2312,~Wobble,--,cWW,cW-W,6O97_1A.G2304-1A.U2312
6O97,1a,677,U,1a,713,G,1a.U677-1a.G713,~Wobble,--,cWW,cW-W,6O97_1a.U677-1a.G713
6O97,2a,1086,U,2a,1099,G,2a.U1086-2a.G1099,~Wobble,--,cWW,cW-W,6O97_2a.U1086-2a.G1099
2UXB,A,677,U,A,713,G,A.U677-A.G713,~Wobble,--,cWW,cW-W,2UXB_A.U677-A.G713
2UXB,A,1086,U,A,1099,G,A.U1086-A.G1099,~Wobble,--,cWW,cW-W,2UXB_A.U1086-A.G1099
6NTA,QA,677,U,QA,713,G,QA.U677-QA.G713,~Wobble,--,cWW,cW-W,6NTA_QA.U677-QA.G713
6NTA,QA,1086,U,QA,1099,G,QA.U1086-QA.G1099,~Wobble,--,cWW,cW-W,6NTA_QA.U1086-QA.G1099
6NTA,XA,80,G,XA,89,U,XA.G80-XA.U89,~Wobble,--,cWW,cW-W,6NTA_XA.G80-XA.U89
6NTA,XA,677,U,XA,713,G,XA.U677-XA.G713,~Wobble,--,cWW,cW-W,6NTA_XA.U677-XA.G713
6NTA,YA,2304,G,YA,2312,U,YA.G2304-YA.U2312,~Wobble,--,cWW,cW-W,6NTA_YA.G2304-YA.U2312
1Q7Y,A,2586,U,A,2592,G,A.U2586-A.G2592,~Wobble,--,cWW,cW-W,1Q7Y_A.U2586-A.G2592
7MT7,A,2542,G,A,2550,U,A.G2542-A.U2550,~Wobble,--,cWW,cW-W,7MT7_A.G2542-A.U2550
7MT7,a,668,U,a,704,G,a.U668-a.G704,~Wobble,--,cWW,cW-W,7MT7_a.U668-a.G704
6Y0G,S2,566,U,S2,584,G,S2.U566-S2.G584,~Wobble,--,cWW,cW-W,6Y0G_S2.U566-S2.G584
7O1C,AA,1086,U,AA,1099,G,AA.U1086-AA.G1099,~Wobble,--,cWW,cW-W,7O1C_AA.U1086-AA.G1099
7O1C,BA,2304,G,BA,2312,U,BA.G2304-BA.U2312,~Wobble,--,cWW,cW-W,7O1C_BA.G2304-BA.U2312
1YJ9,0,2586,U,0,2592,G,0.U2586-0.G2592,~Wobble,--,cWW,cW-W,1YJ9_0.U2586-0.G2592
2QEX,0,2586,U,0,2592,G,0.U2586-0.G2592,~Wobble,--,cWW,cW-W,2QEX_0.U2586-0.G2592
7BOD,A,677,U,A,713,G,A.U677-A.G713,~Wobble,--,cWW,cW-W,7BOD_A.U677-A.G713
3CCV,0,2586,U,0,2592,G,0.U2586-0.G2592,~Wobble,--,cWW,cW-W,3CCV_0.U2586-0.G2592
3CCS,0,2586,U,0,2592,G,0.U2586-0.G2592,~Wobble,--,cWW,cW-W,3CCS_0.U2586-0.G2592
7OT5,1,2304,G,1,2312,U,1.G2304-1.U2312,~Wobble,--,cWW,cW-W,7OT5_1.G2304-1.U2312
7OT5,2,677,U,2,713,G,2.U677-2.G713,~Wobble,--,cWW,cW-W,7OT5_2.U677-2.G713
7OT5,2,1086,U,2,1099,G,2.U1086-2.G1099,~Wobble,--,cWW,cW-W,7OT5_2.U1086-2.G1099
6YLH,1,172,G,1,246,U,1.G172-1.U246,--,--,cWW,cW-W,6YLH_1.G172-1.U246
5U9G,1,2304,G,1,2312,U,01.G2304-01.U2312,~Wobble,--,cWW,cW-W,5U9G_01.G2304-01.U2312
1VQ4,0,2586,U,0,2592,G,0.U2586-0.G2592,~Wobble,--,cWW,cW-W,1VQ4_0.U2586-0.G2592
4V9O,AA,2304,G,AA,2312,U,AA.G2304-AA.U2312,~Wobble,--,cWW,cW-W,4V9O_AA.G2304-AA.U2312
4V9O,BA,677,U,BA,713,G,BA.U677-BA.G713,~Wobble,--,cWW,cW-W,4V9O_BA.U677-BA.G713
4V9O,CA,2304,G,CA,2312,U,CA.G2304-CA.U2312,~Wobble,--,cWW,cW-W,4V9O_CA.G2304-CA.U2312
4V9O,FA,677,U,FA,713,G,FA.U677-FA.G713,~Wobble,--,cWW,cW-W,4V9O_FA.U677-FA.G713
4W2I,AA,677,U,AA,713,G,AA.U677-AA.G713,~Wobble,--,cWW,cW-W,4W2I_AA.U677-AA.G713
4W2I,AA,1086,U,AA,1099,G,AA.U1086-AA.G1099,~Wobble,--,cWW,cW-W,4W2I_AA.U1086-AA.G1099
4W2I,BA,2316,G,BA,2324,U,BA.G2316-BA.U2324,~Wobble,--,cWW,cW-W,4W2I_BA.G2316-BA.U2324
4W2I,CA,677,U,CA,713,G,CA.U677-CA.G713,~Wobble,--,cWW,cW-W,4W2I_CA.U677-CA.G713
4W2I,CA,1086,U,CA,1099,G,CA.U1086-CA.G1099,~Wobble,--,cWW,cW-W,4W2I_CA.U1086-CA.G1099
4W2I,DA,2304,G,DA,2312,U,DA.G2304-DA.U2312,~Wobble,--,cWW,cW-W,4W2I_DA.G2304-DA.U2312
6QNR,13,677,U,13,713,G,13.U677-13.G713,~Wobble,--,cWW,cW-W,6QNR_13.U677-13.G713
6QNR,13,1086,U,13,1099,G,13.U1086-13.G1099,~Wobble,--,cWW,cW-W,6QNR_13.U1086-13.G1099
6QNR,1H,2317,G,1H,2325,U,1H.G2317-1H.U2325,~Wobble,--,cWW,cW-W,6QNR_1H.G2317-1H.U2325
6QNR,1G,677,U,1G,713,G,1G.U677-1G.G713,~Wobble,--,cWW,cW-W,6QNR_1G.U677-1G.G713
6QNR,14,2304,G,14,2312,U,14.G2304-14.U2312,~Wobble,--,cWW,cW-W,6QNR_14.G2304-14.U2312
4U50,5,170,G,5,248,U,5.G170-5.U248,~Wobble,--,cWW,cW-W,4U50_5.G170-5.U248
6ORE,1,2304,G,1,2312,U,1.G2304-1.U2312,~Wobble,--,cWW,cW-W,6ORE_1.G2304-1.U2312
6ORE,2,677,U,2,713,G,2.U677-2.G713,~Wobble,--,cWW,cW-W,6ORE_2.U677-2.G713
6ORE,2,1086,U,2,1099,G,2.U1086-2.G1099,~Wobble,--,cWW,cW-W,6ORE_2.U1086-2.G1099
7MD7,1A,2304,G,1A,2312,U,1A.G2304-1A.U2312,~Wobble,--,cWW,cW-W,7MD7_1A.G2304-1A.U2312
7MD7,1a,677,U,1a,713,G,1a.U677-1a.G713,~Wobble,--,cWW,cW-W,7MD7_1a.U677-1a.G713
7MD7,2a,677,U,2a,713,G,2a.U677-2a.G713,~Wobble,--,cWW,cW-W,7MD7_2a.U677-2a.G713
7BOF,A,677,U,A,713,G,A.U677-A.G713,~Wobble,--,cWW,cW-W,7BOF_A.U677-A.G713
1YIJ,0,2586,U,0,2592,G,0.U2586-0.G2592,~Wobble,--,cWW,cW-W,1YIJ_0.U2586-0.G2592
7U2H,1A,2304,G,1A,2312,U,1A.G2304-1A.U2312,~Wobble,--,cWW,cW-W,7U2H_1A.G2304-1A.U2312
7U2H,1a,677,U,1a,713,G,1a.U677-1a.G713,~Wobble,--,cWW,cW-W,7U2H_1a.U677-1a.G713
7U2H,2a,677,U,2a,713,G,2a.U677-2a.G713,~Wobble,--,cWW,cW-W,7U2H_2a.U677-2a.G713
7U2H,2a,1086,U,2a,1099,G,2a.U1086-2a.G1099,~Wobble,--,cWW,cW-W,7U2H_2a.U1086-2a.G1099
1YJN,0,2586,U,0,2592,G,0.U2586-0.G2592,~Wobble,--,cWW,cW-W,1YJN_0.U2586-0.G2592
4V7U,AA,677,U,AA,713,G,AA.U677-AA.G713,~Wobble,--,cWW,cW-W,4V7U_AA.U677-AA.G713
4V7U,BA,2304,G,BA,2312,U,BA.G2304-BA.U2312,~Wobble,--,cWW,cW-W,4V7U_BA.G2304-BA.U2312
4V7U,CA,677,U,CA,713,G,CA.U677-CA.G713,~Wobble,--,cWW,cW-W,4V7U_CA.U677-CA.G713
4V7U,DA,2304,G,DA,2312,U,DA.G2304-DA.U2312,~Wobble,--,cWW,cW-W,4V7U_DA.G2304-DA.U2312
7UNR,a,671,U,a,707,G,a.U671-a.G707,~Wobble,--,cWW,cW-W,7UNR_a.U671-a.G707
7UNR,A,2291,G,A,2299,U,A.G2291-A.U2299,~Wobble,--,cWW,cW-W,7UNR_A.G2291-A.U2299
4V8D,AA,677,U,AA,713,G,AA.U677-AA.G713,~Wobble,--,cWW,cW-W,4V8D_AA.U677-AA.G713
4V8D,BA,2304,G,BA,2312,U,BA.G2304-BA.U2312,~Wobble,--,cWW,cW-W,4V8D_BA.G2304-BA.U2312
4V8D,CA,677,U,CA,713,G,CA.U677-CA.G713,~Wobble,--,cWW,cW-W,4V8D_CA.U677-CA.G713
4V8D,DA,2304,G,DA,2312,U,DA.G2304-DA.U2312,~Wobble,--,cWW,cW-W,4V8D_DA.G2304-DA.U2312
7U2I,1A,2304,G,1A,2312,U,1A.G2304-1A.U2312,~Wobble,--,cWW,cW-W,7U2I_1A.G2304-1A.U2312
7U2I,1a,677,U,1a,713,G,1a.U677-1a.G713,~Wobble,--,cWW,cW-W,7U2I_1a.U677-1a.G713
7U2I,2A,2304,G,2A,2312,U,2A.G2304-2A.U2312,~Wobble,--,cWW,cW-W,7U2I_2A.G2304-2A.U2312
7U2I,2a,677,U,2a,713,G,2a.U677-2a.G713,~Wobble,--,cWW,cW-W,7U2I_2a.U677-2a.G713
7U2I,2a,1086,U,2a,1099,G,2a.U1086-2a.G1099,~Wobble,--,cWW,cW-W,7U2I_2a.U1086-2a.G1099
7SFR,A,471,G,A,481,U,A.G471-A.U481,~Wobble,--,cWW,cW-W,7SFR_A.G471-A.U481
7SFR,a,668,U,a,704,G,a.U668-a.G704,~Wobble,--,cWW,cW-W,7SFR_a.U668-a.G704
7K54,3,677,U,3,713,G,3.U677-3.G713,~Wobble,--,cWW,cW-W,7K54_3.U677-3.G713
6XZ7,A,2304,G,A,2312,U,A.G2304-A.U2312,~Wobble,--,cWW,cW-W,6XZ7_A.G2304-A.U2312
7MT3,A,2542,G,A,2550,U,A.G2542-A.U2550,~Wobble,--,cWW,cW-W,7MT3_A.G2542-A.U2550
7MT3,a,668,U,a,704,G,a.U668-a.G704,~Wobble,--,cWW,cW-W,7MT3_a.U668-a.G704
7MT3,a,830,U,a,840,G,a.U830-a.G840,~Wobble,--,cWW,cW-W,7MT3_a.U830-a.G840
6S0X,a,73,G,a,96,U,a.G73-a.U96,~Wobble,--,cWW,cW-W,6S0X_a.G73-a.U96
6S0X,a,685,U,a,721,G,a.U685-a.G721,~Wobble,--,cWW,cW-W,6S0X_a.U685-a.G721
6S0X,a,849,U,a,854,G,a.U849-a.G854,~Wobble,--,cWW,cW-W,6S0X_a.U849-a.G854
7N2U,16,677,U,16,713,G,16.U677-16.G713,~Wobble,--,cWW,cW-W,7N2U_16.U677-16.G713
7N2U,16,1086,U,16,1099,G,16.U1086-16.G1099,~Wobble,--,cWW,cW-W,7N2U_16.U1086-16.G1099
7N2U,23,2304,G,23,2312,U,23.G2304-23.U2312,~Wobble,--,cWW,cW-W,7N2U_23.G2304-23.U2312
7ST2,3,677,U,3,713,G,3.U677-3.G713,~Wobble,--,cWW,cW-W,7ST2_3.U677-3.G713
7ST2,3,1086,U,3,1099,G,3.U1086-3.G1099,~Wobble,--,cWW,cW-W,7ST2_3.U1086-3.G1099
7UVV,A,2300,G,A,2308,U,A.G2300-A.U2308,~Wobble,--,cWW,cW-W,7UVV_A.G2300-A.U2308
7UVV,a,674,U,a,710,G,a.U674-a.G710,~Wobble,--,cWW,cW-W,7UVV_a.U674-a.G710
6WDD,3,677,U,3,713,G,3.U677-3.G713,~Wobble,--,cWW,cW-W,6WDD_3.U677-3.G713
2UUB,A,677,U,A,713,G,A.U677-A.G713,~Wobble,--,cWW,cW-W,2UUB_A.U677-A.G713
2UUB,A,1086,U,A,1099,G,A.U1086-A.G1099,~Wobble,--,cWW,cW-W,2UUB_A.U1086-A.G1099
7AZS,16SA,1306,U,16SA,1342,G,16SA.U1306-16SA.G1342,~Wobble,--,cWW,cW-W,7AZS_16SA.U1306-16SA.G1342
7AZS,16SA,1714,U,16SA,1727,G,16SA.U1714-16SA.G1727,~Wobble,--,cWW,cW-W,7AZS_16SA.U1714-16SA.G1727
7AZS,23SA,2319,G,23SA,2327,U,23SA.G2319-23SA.U2327,~Wobble,--,cWW,cW-W,7AZS_23SA.G2319-23SA.U2327
7AZS,16SB,1306,U,16SB,1342,G,16SB.U1306-16SB.G1342,~Wobble,--,cWW,cW-W,7AZS_16SB.U1306-16SB.G1342
7AZS,23SB,2319,G,23SB,2327,U,23SB.G2319-23SB.U2327,~Wobble,--,cWW,cW-W,7AZS_23SB.G2319-23SB.U2327
6TMF,A,998,G,A,1152,U,A.G998-A.U1152,~Wobble,--,cWW,cW-W,6TMF_A.G998-A.U1152
6OJ2,QW,3,G,QW,70,U,QW.G3-QW.U70,~Wobble,--,cWW,cW-W,6OJ2_QW.G3-QW.U70
6OJ2,XA,677,U,XA,713,G,XA.U677-XA.G713,~Wobble,--,cWW,cW-W,6OJ2_XA.U677-XA.G713
6OJ2,YA,2304,G,YA,2312,U,YA.G2304-YA.U2312,~Wobble,--,cWW,cW-W,6OJ2_YA.G2304-YA.U2312
6XHV,1A,2304,G,1A,2312,U,1A.G2304-1A.U2312,~Wobble,--,cWW,cW-W,6XHV_1A.G2304-1A.U2312
6XHV,1a,677,U,1a,713,G,1a.U677-1a.G713,~Wobble,--,cWW,cW-W,6XHV_1a.U677-1a.G713
6XHV,2a,677,U,2a,713,G,2a.U677-2a.G713,~Wobble,--,cWW,cW-W,6XHV_2a.U677-2a.G713
6XHV,2a,1086,U,2a,1099,G,2a.U1086-2a.G1099,~Wobble,--,cWW,cW-W,6XHV_2a.U1086-2a.G1099
6ND5,1A,2304,G,1A,2312,U,1A.G2304-1A.U2312,~Wobble,--,cWW,cW-W,6ND5_1A.G2304-1A.U2312
6ND5,1a,677,U,1a,713,G,1a.U677-1a.G713,--,--,cWW,cW-W,6ND5_1a.U677-1a.G713
6ND5,2a,1086,U,2a,1099,G,2a.U1086-2a.G1099,~Wobble,--,cWW,cW-W,6ND5_2a.U1086-2a.G1099
3OW2,0,2586,U,0,2592,G,0.U2586-0.G2592,~Wobble,--,cWW,cW-W,3OW2_0.U2586-0.G2592
5HCP,1A,2315,G,1A,2323,U,1A.G2315-1A.U2323,~Wobble,--,cWW,cW-W,5HCP_1A.G2315-1A.U2323
5HCP,1a,661,U,1a,697,G,1a.U661-1a.G697,~Wobble,--,cWW,cW-W,5HCP_1a.U661-1a.G697
6OPE,QA,1086,U,QA,1099,G,QA.U1086-QA.G1099,~Wobble,--,cWW,cW-W,6OPE_QA.U1086-QA.G1099
6OPE,QY,3,G,QY,70,U,QY.G3-QY.U70,~Wobble,--,cWW,cW-W,6OPE_QY.G3-QY.U70
6OPE,XA,677,U,XA,713,G,XA.U677-XA.G713,~Wobble,--,cWW,cW-W,6OPE_XA.U677-XA.G713
6OPE,XA,1086,U,XA,1099,G,XA.U1086-XA.G1099,~Wobble,--,cWW,cW-W,6OPE_XA.U1086-XA.G1099
6OPE,YA,2304,G,YA,2312,U,YA.G2304-YA.U2312,~Wobble,--,cWW,cW-W,6OPE_YA.G2304-YA.U2312
8CVK,1A,2304,G,1A,2312,U,1A.G2304-1A.U2312,~Wobble,--,cWW,cW-W,8CVK_1A.G2304-1A.U2312
8CVK,1a,677,U,1a,713,G,1a.U677-1a.G713,~Wobble,--,cWW,cW-W,8CVK_1a.U677-1a.G713
8CVK,2A,2304,G,2A,2312,U,2A.G2304-2A.U2312,~Wobble,--,cWW,cW-W,8CVK_2A.G2304-2A.U2312
8CVK,2a,677,U,2a,713,G,2a.U677-2a.G713,~Wobble,--,cWW,cW-W,8CVK_2a.U677-2a.G713
8CVK,2a,1086,U,2a,1099,G,2a.U1086-2a.G1099,~Wobble,--,cWW,cW-W,8CVK_2a.U1086-2a.G1099
1N32,A,677,U,A,713,G,A.U677-A.G713,~Wobble,--,cWW,cW-W,1N32_A.U677-A.G713
5MMI,A,394,G,A,404,U,A.G394-A.U404,~Wobble,--,cWW,cW-W,5MMI_A.G394-A.U404
5MMI,A,1494,G,A,1550,U,A.G1494-A.U1550,~Wobble,--,cWW,cW-W,5MMI_A.G1494-A.U1550
6H4N,a,1086,U,a,1099,G,a.U1086-a.G1099,~Wobble,--,cWW,cW-W,6H4N_a.U1086-a.G1099
1XMQ,A,677,U,A,713,G,A.U677-A.G713,~Wobble,--,cWW,cW-W,1XMQ_A.U677-A.G713
7QGG,t,465,G,t,666,U,t.G465-t.U666,~Wobble,--,cWW,cW-W,7QGG_t.G465-t.U666
7QGG,t,1149,U,t,1162,G,t.U1149-t.G1162,~Wobble,--,cWW,cW-W,7QGG_t.U1149-t.G1162
7QGG,t,3448,U,t,3475,G,t.U3448-t.G3475,~Wobble,--,cWW,cW-W,7QGG_t.U3448-t.G3475
1VY5,AA,677,U,AA,713,G,AA.U677-AA.G713,~Wobble,--,cWW,cW-W,1VY5_AA.U677-AA.G713
1VY5,BA,2304,G,BA,2312,U,BA.G2304-BA.U2312,~Wobble,--,cWW,cW-W,1VY5_BA.G2304-BA.U2312
1VY5,CA,677,U,CA,713,G,CA.U677-CA.G713,~Wobble,--,cWW,cW-W,1VY5_CA.U677-CA.G713
1VY5,CA,1086,U,CA,1099,G,CA.U1086-CA.G1099,~Wobble,--,cWW,cW-W,1VY5_CA.U1086-CA.G1099
6ID0,F,40,U,G,7,G,F.U40-G.G7,~Wobble,--,cWW,cW-W,6ID0_F.U40-G.G7
3T1Y,A,660,U,A,696,G,A.U660-A.G696,~Wobble,--,cWW,cW-W,3T1Y_A.U660-A.G696
7CPU,S2,541,U,S2,545,G,S2.U541-S2.G545,~Wobble,--,cWW,cW-W,7CPU_S2.U541-S2.G545
8B7Y,I,2304,G,I,2312,U,I.G2304-I.U2312,~Wobble,--,cWW,cW-W,8B7Y_I.G2304-I.U2312
8B7Y,C,1086,U,C,1099,G,C.U1086-C.G1099,~Wobble,--,cWW,cW-W,8B7Y_C.U1086-C.G1099
5FDV,1A,2316,G,1A,2324,U,1A.G2316-1A.U2324,~Wobble,--,cWW,cW-W,5FDV_1A.G2316-1A.U2324
5FDV,1a,677,U,1a,713,G,1a.U677-1a.G713,~Wobble,--,cWW,cW-W,5FDV_1a.U677-1a.G713
5FDV,1a,1086,U,1a,1099,G,1a.U1086-1a.G1099,~Wobble,--,cWW,cW-W,5FDV_1a.U1086-1a.G1099
5FDV,2A,2304,G,2A,2312,U,2A.G2304-2A.U2312,~Wobble,--,cWW,cW-W,5FDV_2A.G2304-2A.U2312
5FDV,2a,1086,U,2a,1099,G,2a.U1086-2a.G1099,~Wobble,--,cWW,cW-W,5FDV_2a.U1086-2a.G1099
6NUO,QA,677,U,QA,713,G,QA.U677-QA.G713,~Wobble,--,cWW,cW-W,6NUO_QA.U677-QA.G713
6NUO,XA,677,U,XA,713,G,XA.U677-XA.G713,~Wobble,--,cWW,cW-W,6NUO_XA.U677-XA.G713
6NUO,YA,2316,G,YA,2324,U,YA.G2316-YA.U2324,~Wobble,--,cWW,cW-W,6NUO_YA.G2316-YA.U2324
7N30,16,677,U,16,713,G,16.U677-16.G713,~Wobble,--,cWW,cW-W,7N30_16.U677-16.G713
7N30,16,1086,U,16,1099,G,16.U1086-16.G1099,~Wobble,--,cWW,cW-W,7N30_16.U1086-16.G1099
8A57,A,2337,G,A,2345,U,A.G2337-A.U2345,~Wobble,--,cWW,cW-W,8A57_A.G2337-A.U2345
7QQ3,I,2304,G,I,2312,U,I.G2304-I.U2312,--,--,cWW,cW-W,7QQ3_I.G2304-I.U2312
6OM6,1,881,G,1,895,U,1.G881-1.U895,~Wobble,--,cWW,cW-W,6OM6_1.G881-1.U895
6OM6,2,677,U,2,713,G,2.U677-2.G713,~Wobble,--,cWW,cW-W,6OM6_2.U677-2.G713
4V7W,AA,677,U,AA,713,G,AA.U677-AA.G713,~Wobble,--,cWW,cW-W,4V7W_AA.U677-AA.G713
4V7W,BA,2304,G,BA,2312,U,BA.G2304-BA.U2312,~Wobble,--,cWW,cW-W,4V7W_BA.G2304-BA.U2312
4V7W,CA,677,U,CA,713,G,CA.U677-CA.G713,~Wobble,--,cWW,cW-W,4V7W_CA.U677-CA.G713
4V7W,DA,2304,G,DA,2312,U,DA.G2304-DA.U2312,~Wobble,--,cWW,cW-W,4V7W_DA.G2304-DA.U2312
7M4Z,A,2300,G,A,2308,U,A.G2300-A.U2308,~Wobble,--,cWW,cW-W,7M4Z_A.G2300-A.U2308
7M4Z,a,1083,U,a,1096,G,a.U1083-a.G1096,~Wobble,--,cWW,cW-W,7M4Z_a.U1083-a.G1096
7UVX,A,2300,G,A,2308,U,A.G2300-A.U2308,~Wobble,--,cWW,cW-W,7UVX_A.G2300-A.U2308
7UVX,a,674,U,a,710,G,a.U674-a.G710,~Wobble,--,cWW,cW-W,7UVX_a.U674-a.G710
7UVX,a,1083,U,a,1096,G,a.U1083-a.G1096,~Wobble,--,cWW,cW-W,7UVX_a.U1083-a.G1096
7M4U,a,1007,U,a,1016,G,a.U1007-a.G1016,--,--,cWW,cW-W,7M4U_a.U1007-a.G1016
7M4U,a,1083,U,a,1096,G,a.U1083-a.G1096,~Wobble,--,cWW,cW-W,7M4U_a.U1083-a.G1096
1FFK,0,2586,U,0,2592,G,0.U2586-0.G2592,~Wobble,--,cWW,cW-W,1FFK_0.U2586-0.G2592
7PJV,a,677,U,a,713,G,a.U677-a.G713,~Wobble,--,cWW,cW-W,7PJV_a.U677-a.G713
7PJV,a,1425,U,a,1475,G,a.U1425-a.G1475,~Wobble,--,cWW,cW-W,7PJV_a.U1425-a.G1475
4WQF,AA,2316,G,AA,2324,U,AA.G2316-AA.U2324,~Wobble,--,cWW,cW-W,4WQF_AA.G2316-AA.U2324
4WQF,BA,677,U,BA,713,G,BA.U677-BA.G713,~Wobble,--,cWW,cW-W,4WQF_BA.U677-BA.G713
4WQF,CA,2304,G,CA,2312,U,CA.G2304-CA.U2312,~Wobble,--,cWW,cW-W,4WQF_CA.G2304-CA.U2312
4WQF,DA,1086,U,DA,1099,G,DA.U1086-DA.G1099,~Wobble,--,cWW,cW-W,4WQF_DA.U1086-DA.G1099
6SZS,A,2304,G,A,2312,U,A.G2304-A.U2312,~Wobble,--,cWW,cW-W,6SZS_A.G2304-A.U2312
8EKC,a,1086,U,a,1099,G,a.U1086-a.G1099,~Wobble,--,cWW,cW-W,8EKC_a.U1086-a.G1099
8EKC,A,2304,G,A,2312,U,A.G2304-A.U2312,~Wobble,--,cWW,cW-W,8EKC_A.G2304-A.U2312
1M1K,A,2586,U,A,2592,G,A.U2586-A.G2592,~Wobble,--,cWW,cW-W,1M1K_A.U2586-A.G2592
3IWN,B,147,G,B,176,U,B.G147-B.U176,~Wobble,--,cWW,cW-W,3IWN_B.G147-B.U176
6OLE,t,478,U,t,665,G,t.U478-t.G665,~Wobble,--,cWW,cW-W,6OLE_t.U478-t.G665
6OLE,t,4732,U,t,4820,G,t.U4732-t.G4820,~Wobble,--,cWW,cW-W,6OLE_t.U4732-t.G4820
2QA4,0,2586,U,0,2592,G,0.U2586-0.G2592,~Wobble,--,cWW,cW-W,2QA4_0.U2586-0.G2592
4U4Y,5,170,G,5,248,U,5.G170-5.U248,~Wobble,--,cWW,cW-W,4U4Y_5.G170-5.U248
8CVM,a,2486,G,a,2494,U,a.G2486-a.U2494,~Wobble,--,cWW,cW-W,8CVM_a.G2486-a.U2494
6CZR,1A,2315,G,1A,2323,U,1A.G2315-1A.U2323,~Wobble,--,cWW,cW-W,6CZR_1A.G2315-1A.U2323
6CZR,1a,661,U,1a,697,G,1a.U661-1a.G697,~Wobble,--,cWW,cW-W,6CZR_1a.U661-1a.G697
7UNV,A,2291,G,A,2299,U,A.G2291-A.U2299,~Wobble,--,cWW,cW-W,7UNV_A.G2291-A.U2299
3CC7,0,2586,U,0,2592,G,0.U2586-0.G2592,~Wobble,--,cWW,cW-W,3CC7_0.U2586-0.G2592
8B5L,5,2326,G,5,2338,U,5.G2326-5.U2338,~Wobble,--,cWW,cW-W,8B5L_5.G2326-5.U2338
6WQQ,1,1577,G,1,1589,U,1.G1577-1.U1589,~Wobble,--,cWW,cW-W,6WQQ_1.G1577-1.U1589
6XZA,A1,677,U,A1,713,G,A1.U677-A1.G713,~Wobble,--,cWW,cW-W,6XZA_A1.U677-A1.G713
6XZA,A2,2304,G,A2,2312,U,A2.G2304-A2.U2312,~Wobble,--,cWW,cW-W,6XZA_A2.G2304-A2.U2312
7PJY,A,2304,G,A,2312,U,A.G2304-A.U2312,~Wobble,--,cWW,cW-W,7PJY_A.G2304-A.U2312
7PJY,a,677,U,a,713,G,a.U677-a.G713,~Wobble,--,cWW,cW-W,7PJY_a.U677-a.G713
7PJY,a,1086,U,a,1099,G,a.U1086-a.G1099,~Wobble,--,cWW,cW-W,7PJY_a.U1086-a.G1099
8ESQ,1,1025,G,1,1088,U,1.G1025-1.U1088,~Wobble,--,cWW,cW-W,8ESQ_1.G1025-1.U1088
8ESQ,6,105,G,6,179,U,6.G105-6.U179,~Wobble,--,cWW,cW-W,8ESQ_6.G105-6.U179
7P7T,A,921,G,A,935,U,A.G921-A.U935,--,--,cWW,cW-W,7P7T_A.G921-A.U935
7P7T,A,2317,G,A,2325,U,A.G2317-A.U2325,~Wobble,--,cWW,cW-W,7P7T_A.G2317-A.U2325
7P7T,a,703,U,a,739,G,a.U703-a.G739,~Wobble,--,cWW,cW-W,7P7T_a.U703-a.G739
7P7T,a,1113,U,a,1126,G,a.U1113-a.G1126,~Wobble,--,cWW,cW-W,7P7T_a.U1113-a.G1126
7OIF,1,2304,G,1,2312,U,1.G2304-1.U2312,~Wobble,--,cWW,cW-W,7OIF_1.G2304-1.U2312
7OIF,2,1086,U,2,1099,G,2.U1086-2.G1099,~Wobble,--,cWW,cW-W,7OIF_2.U1086-2.G1099
4V9S,AA,677,U,AA,713,G,AA.U677-AA.G713,~Wobble,--,cWW,cW-W,4V9S_AA.U677-AA.G713
4V9S,BA,2316,G,BA,2324,U,BA.G2316-BA.U2324,~Wobble,--,cWW,cW-W,4V9S_BA.G2316-BA.U2324
4V9S,CA,677,U,CA,713,G,CA.U677-CA.G713,~Wobble,--,cWW,cW-W,4V9S_CA.U677-CA.G713
4V9S,CA,1086,U,CA,1099,G,CA.U1086-CA.G1099,~Wobble,--,cWW,cW-W,4V9S_CA.U1086-CA.G1099
4V9S,DA,2304,G,DA,2312,U,DA.G2304-DA.U2312,~Wobble,--,cWW,cW-W,4V9S_DA.G2304-DA.U2312
8A5I,A,2337,G,A,2345,U,A.G2337-A.U2345,~Wobble,--,cWW,cW-W,8A5I_A.G2337-A.U2345
8AM9,B,677,U,B,713,G,B.U677-B.G713,~Wobble,--,cWW,cW-W,8AM9_B.U677-B.G713
8AM9,B,1086,U,B,1099,G,B.U1086-B.G1099,~Wobble,--,cWW,cW-W,8AM9_B.U1086-B.G1099
8AM9,a,2304,G,a,2312,U,a.G2304-a.U2312,~Wobble,--,cWW,cW-W,8AM9_a.G2304-a.U2312
7NWW,2,677,U,2,713,G,2.U677-2.G713,~Wobble,--,cWW,cW-W,7NWW_2.U677-2.G713
7NWW,2,1086,U,2,1099,G,2.U1086-2.G1099,~Wobble,--,cWW,cW-W,7NWW_2.U1086-2.G1099
6ORD,QA,677,U,QA,713,G,QA.U677-QA.G713,~Wobble,--,cWW,cW-W,6ORD_QA.U677-QA.G713
6ORD,QA,1086,U,QA,1099,G,QA.U1086-QA.G1099,~Wobble,--,cWW,cW-W,6ORD_QA.U1086-QA.G1099
6ORD,XA,1086,U,XA,1099,G,XA.U1086-XA.G1099,~Wobble,--,cWW,cW-W,6ORD_XA.U1086-XA.G1099
8B6C,5,2326,G,5,2338,U,5.G2326-5.U2338,~Wobble,--,cWW,cW-W,8B6C_5.G2326-5.U2338
3CCU,0,2586,U,0,2592,G,0.U2586-0.G2592,~Wobble,--,cWW,cW-W,3CCU_0.U2586-0.G2592
1K73,A,2586,U,A,2592,G,A.U2586-A.G2592,~Wobble,--,cWW,cW-W,1K73_A.U2586-A.G2592
7QWR,5,4740,G,5,4959,U,5.G4740-5.U4959,~Wobble,--,cWW,cW-W,7QWR_5.G4740-5.U4959
8CVL,1A,2304,G,1A,2312,U,1A.G2304-1A.U2312,~Wobble,--,cWW,cW-W,8CVL_1A.G2304-1A.U2312
8CVL,1a,677,U,1a,713,G,1a.U677-1a.G713,~Wobble,--,cWW,cW-W,8CVL_1a.U677-1a.G713
8CVL,2A,2304,G,2A,2312,U,2A.G2304-2A.U2312,~Wobble,--,cWW,cW-W,8CVL_2A.G2304-2A.U2312
8CVL,2a,677,U,2a,713,G,2a.U677-2a.G713,~Wobble,--,cWW,cW-W,8CVL_2a.U677-2a.G713
8CVL,2a,1086,U,2a,1099,G,2a.U1086-2a.G1099,~Wobble,--,cWW,cW-W,8CVL_2a.U1086-2a.G1099
3I55,0,2586,U,0,2592,G,0.U2586-0.G2592,~Wobble,--,cWW,cW-W,3I55_0.U2586-0.G2592
6YEF,a,685,U,a,721,G,a.U685-a.G721,~Wobble,--,cWW,cW-W,6YEF_a.U685-a.G721
6YEF,a,1097,U,a,1110,G,a.U1097-a.G1110,~Wobble,--,cWW,cW-W,6YEF_a.U1097-a.G1110
6YEF,A,1515,G,A,1565,U,A.G1515-A.U1565,~Wobble,--,cWW,cW-W,6YEF_A.G1515-A.U1565
6T7T,C2,125,U,C2,291,G,C2.U125-C2.G291,~Wobble,--,cWW,cW-W,6T7T_C2.U125-C2.G291
1VQ5,0,2586,U,0,2592,G,0.U2586-0.G2592,~Wobble,--,cWW,cW-W,1VQ5_0.U2586-0.G2592
6XHW,1A,2304,G,1A,2312,U,1A.G2304-1A.U2312,~Wobble,--,cWW,cW-W,6XHW_1A.G2304-1A.U2312
6XHW,1a,677,U,1a,713,G,1a.U677-1a.G713,~Wobble,--,cWW,cW-W,6XHW_1a.U677-1a.G713
6XHW,2A,2304,G,2A,2312,U,2A.G2304-2A.U2312,~Wobble,--,cWW,cW-W,6XHW_2A.G2304-2A.U2312
6XHW,2a,1086,U,2a,1099,G,2a.U1086-2a.G1099,~Wobble,--,cWW,cW-W,6XHW_2a.U1086-2a.G1099
1YHQ,0,2586,U,0,2592,G,0.U2586-0.G2592,~Wobble,--,cWW,cW-W,1YHQ_0.U2586-0.G2592
7AF5,1,1086,U,1,1099,G,1.U1086-1.G1099,~Wobble,--,cWW,cW-W,7AF5_1.U1086-1.G1099
7P7R,a,703,U,a,739,G,a.U703-a.G739,~Wobble,--,cWW,cW-W,7P7R_a.U703-a.G739
7P7R,a,1113,U,a,1126,G,a.U1113-a.G1126,~Wobble,--,cWW,cW-W,7P7R_a.U1113-a.G1126
6ENF,A,2304,G,A,2312,U,A.G2304-A.U2312,~Wobble,--,cWW,cW-W,6ENF_A.G2304-A.U2312
5HCQ,1A,2315,G,1A,2323,U,1A.G2315-1A.U2323,~Wobble,--,cWW,cW-W,5HCQ_1A.G2315-1A.U2323
5HCQ,1a,661,U,1a,697,G,1a.U661-1a.G697,~Wobble,--,cWW,cW-W,5HCQ_1a.U661-1a.G697
6S0Z,A,1510,U,A,1571,G,A.U1510-A.G1571,~Wobble,--,cWW,cW-W,6S0Z_A.U1510-A.G1571
6S0Z,A,1515,G,A,1565,U,A.G1515-A.U1565,~Wobble,--,cWW,cW-W,6S0Z_A.G1515-A.U1565
1XNQ,A,677,U,A,713,G,A.U677-A.G713,~Wobble,--,cWW,cW-W,1XNQ_A.U677-A.G713
6GSJ,13,677,U,13,713,G,13.U677-13.G713,~Wobble,--,cWW,cW-W,6GSJ_13.U677-13.G713
6GSJ,1H,2304,G,1H,2312,U,1H.G2304-1H.U2312,~Wobble,--,cWW,cW-W,6GSJ_1H.G2304-1H.U2312
6GSJ,1G,677,U,1G,713,G,1G.U677-1G.G713,~Wobble,--,cWW,cW-W,6GSJ_1G.U677-1G.G713
6GSJ,14,2304,G,14,2312,U,14.G2304-14.U2312,~Wobble,--,cWW,cW-W,6GSJ_14.G2304-14.U2312
7UW1,a,674,U,a,710,G,a.U674-a.G710,~Wobble,--,cWW,cW-W,7UW1_a.U674-a.G710
7UW1,a,1083,U,a,1096,G,a.U1083-a.G1096,~Wobble,--,cWW,cW-W,7UW1_a.U1083-a.G1096
4GKK,A,660,U,A,696,G,A.U660-A.G696,~Wobble,--,cWW,cW-W,4GKK_A.U660-A.G696
7SSO,3,677,U,3,713,G,3.U677-3.G713,~Wobble,--,cWW,cW-W,7SSO_3.U677-3.G713
7SSO,3,1086,U,3,1099,G,3.U1086-3.G1099,~Wobble,--,cWW,cW-W,7SSO_3.U1086-3.G1099
4U26,BA,2304,G,BA,2312,U,BA.G2304-BA.U2312,~Wobble,--,cWW,cW-W,4U26_BA.G2304-BA.U2312
4U26,CA,677,U,CA,713,G,CA.U677-CA.G713,~Wobble,--,cWW,cW-W,4U26_CA.U677-CA.G713
1VQN,0,2586,U,0,2592,G,0.U2586-0.G2592,~Wobble,--,cWW,cW-W,1VQN_0.U2586-0.G2592
1VQ6,0,2586,U,0,2592,G,0.U2586-0.G2592,~Wobble,--,cWW,cW-W,1VQ6_0.U2586-0.G2592
6QUL,A,2304,G,A,2312,U,A.G2304-A.U2312,~Wobble,--,cWW,cW-W,6QUL_A.G2304-A.U2312
6XHY,1A,2304,G,1A,2312,U,1A.G2304-1A.U2312,~Wobble,--,cWW,cW-W,6XHY_1A.G2304-1A.U2312
6XHY,1a,677,U,1a,713,G,1a.U677-1a.G713,~Wobble,--,cWW,cW-W,6XHY_1a.U677-1a.G713
6XHY,2A,2304,G,2A,2312,U,2A.G2304-2A.U2312,~Wobble,--,cWW,cW-W,6XHY_2A.G2304-2A.U2312
6XHY,2a,677,U,2a,713,G,2a.U677-2a.G713,~Wobble,--,cWW,cW-W,6XHY_2a.U677-2a.G713
6XHY,2a,1086,U,2a,1099,G,2a.U1086-2a.G1099,~Wobble,--,cWW,cW-W,6XHY_2a.U1086-2a.G1099
7U2J,1A,2304,G,1A,2312,U,1A.G2304-1A.U2312,~Wobble,--,cWW,cW-W,7U2J_1A.G2304-1A.U2312
7U2J,1a,677,U,1a,713,G,1a.U677-1a.G713,~Wobble,--,cWW,cW-W,7U2J_1a.U677-1a.G713
7U2J,2a,1086,U,2a,1099,G,2a.U1086-2a.G1099,~Wobble,--,cWW,cW-W,7U2J_2a.U1086-2a.G1099
7OBR,5,2550,G,5,2767,U,5.G2550-5.U2767,~Wobble,--,cWW,cW-W,7OBR_5.G2550-5.U2767
7OBR,5,4740,G,5,4959,U,5.G4740-5.U4959,~Wobble,--,cWW,cW-W,7OBR_5.G4740-5.U4959
7OBR,5,4765,G,5,4869,U,5.G4765-5.U4869,~Wobble,--,cWW,cW-W,7OBR_5.G4765-5.U4869
5F8K,1A,2316,G,1A,2324,U,1A.G2316-1A.U2324,~Wobble,--,cWW,cW-W,5F8K_1A.G2316-1A.U2324
5F8K,2A,2304,G,2A,2312,U,2A.G2304-2A.U2312,~Wobble,--,cWW,cW-W,5F8K_2A.G2304-2A.U2312
5F8K,2a,677,U,2a,713,G,2a.U677-2a.G713,~Wobble,--,cWW,cW-W,5F8K_2a.U677-2a.G713
5F8K,2a,1086,U,2a,1099,G,2a.U1086-2a.G1099,~Wobble,--,cWW,cW-W,5F8K_2a.U1086-2a.G1099
4WQU,AA,2316,G,AA,2324,U,AA.G2316-AA.U2324,~Wobble,--,cWW,cW-W,4WQU_AA.G2316-AA.U2324
4WQU,BA,677,U,BA,713,G,BA.U677-BA.G713,~Wobble,--,cWW,cW-W,4WQU_BA.U677-BA.G713
4WQU,BA,1086,U,BA,1099,G,BA.U1086-BA.G1099,~Wobble,--,cWW,cW-W,4WQU_BA.U1086-BA.G1099
7AC7,1,2304,G,1,2312,U,1.G2304-1.U2312,~Wobble,--,cWW,cW-W,7AC7_1.G2304-1.U2312
7AC7,2,1086,U,2,1099,G,2.U1086-2.G1099,~Wobble,--,cWW,cW-W,7AC7_2.U1086-2.G1099
7RYG,a,1083,U,a,1096,G,a.U1083-a.G1096,~Wobble,--,cWW,cW-W,7RYG_a.U1083-a.G1096
3CC2,0,2586,U,0,2592,G,0.U2586-0.G2592,~Wobble,--,cWW,cW-W,3CC2_0.U2586-0.G2592
3CXC,0,2586,U,0,2592,G,0.U2586-0.G2592,~Wobble,--,cWW,cW-W,3CXC_0.U2586-0.G2592
6FKR,1A,2304,G,1A,2312,U,1A.G2304-1A.U2312,~Wobble,--,cWW,cW-W,6FKR_1A.G2304-1A.U2312
6FKR,1a,677,U,1a,713,G,1a.U677-1a.G713,~Wobble,--,cWW,cW-W,6FKR_1a.U677-1a.G713
6FKR,1a,1086,U,1a,1099,G,1a.U1086-1a.G1099,~Wobble,--,cWW,cW-W,6FKR_1a.U1086-1a.G1099
6FKR,2A,2304,G,2A,2312,U,2A.G2304-2A.U2312,~Wobble,--,cWW,cW-W,6FKR_2A.G2304-2A.U2312
6FKR,2a,1086,U,2a,1099,G,2a.U1086-2a.G1099,~Wobble,--,cWW,cW-W,6FKR_2a.U1086-2a.G1099
6C5L,AA,677,U,AA,713,G,AA.U677-AA.G713,~Wobble,--,cWW,cW-W,6C5L_AA.U677-AA.G713
1VY6,AA,677,U,AA,713,G,AA.U677-AA.G713,~Wobble,--,cWW,cW-W,1VY6_AA.U677-AA.G713
1VY6,BA,2304,G,BA,2312,U,BA.G2304-BA.U2312,~Wobble,--,cWW,cW-W,1VY6_BA.G2304-BA.U2312
1VY6,CA,1086,U,CA,1099,G,CA.U1086-CA.G1099,~Wobble,--,cWW,cW-W,1VY6_CA.U1086-CA.G1099
6ZTO,AA,677,U,AA,713,G,AA.U677-AA.G713,~Wobble,--,cWW,cW-W,6ZTO_AA.U677-AA.G713
6ZTO,BA,2304,G,BA,2312,U,BA.G2304-BA.U2312,~Wobble,--,cWW,cW-W,6ZTO_BA.G2304-BA.U2312
7SSN,3,1086,U,3,1099,G,3.U1086-3.G1099,~Wobble,--,cWW,cW-W,7SSN_3.U1086-3.G1099
7SSN,1,2304,G,1,2312,U,1.G2304-1.U2312,~Wobble,--,cWW,cW-W,7SSN_1.G2304-1.U2312
4W2F,AA,677,U,AA,713,G,AA.U677-AA.G713,~Wobble,--,cWW,cW-W,4W2F_AA.U677-AA.G713
4W2F,BA,2316,G,BA,2324,U,BA.G2316-BA.U2324,~Wobble,--,cWW,cW-W,4W2F_BA.G2316-BA.U2324
4W2F,CA,677,U,CA,713,G,CA.U677-CA.G713,~Wobble,--,cWW,cW-W,4W2F_CA.U677-CA.G713
6XQE,1A,2304,G,1A,2312,U,1A.G2304-1A.U2312,~Wobble,--,cWW,cW-W,6XQE_1A.G2304-1A.U2312
6XQE,1a,677,U,1a,713,G,1a.U677-1a.G713,~Wobble,--,cWW,cW-W,6XQE_1a.U677-1a.G713
6XQE,2A,2304,G,2A,2312,U,2A.G2304-2A.U2312,~Wobble,--,cWW,cW-W,6XQE_2A.G2304-2A.U2312
6XQE,2a,677,U,2a,713,G,2a.U677-2a.G713,~Wobble,--,cWW,cW-W,6XQE_2a.U677-2a.G713
6XQE,2a,1086,U,2a,1099,G,2a.U1086-2a.G1099,~Wobble,--,cWW,cW-W,6XQE_2a.U1086-2a.G1099
5HD1,1A,2315,G,1A,2323,U,1A.G2315-1A.U2323,~Wobble,--,cWW,cW-W,5HD1_1A.G2315-1A.U2323
5HD1,1a,661,U,1a,697,G,1a.U661-1a.G697,~Wobble,--,cWW,cW-W,5HD1_1a.U661-1a.G697
5J8A,AA,677,U,AA,713,G,AA.U677-AA.G713,~Wobble,--,cWW,cW-W,5J8A_AA.U677-AA.G713
5J8A,BA,677,U,BA,713,G,BA.U677-BA.G713,~Wobble,--,cWW,cW-W,5J8A_BA.U677-BA.G713
5J8A,CA,2304,G,CA,2312,U,CA.G2304-CA.U2312,~Wobble,--,cWW,cW-W,5J8A_CA.G2304-CA.U2312
5J8A,DA,2304,G,DA,2312,U,DA.G2304-DA.U2312,~Wobble,--,cWW,cW-W,5J8A_DA.G2304-DA.U2312
7S1G,C,1086,U,C,1099,G,C.U1086-C.G1099,--,--,cWW,cW-W,7S1G_C.U1086-C.G1099
7S1G,I,2304,G,I,2312,U,I.G2304-I.U2312,~Wobble,--,cWW,cW-W,7S1G_I.G2304-I.U2312
6WQN,1,1515,G,1,1565,U,1.G1515-1.U1565,--,--,cWW,cW-W,6WQN_1.G1515-1.U1565
7UNU,a,1080,U,a,1093,G,a.U1080-a.G1093,~Wobble,--,cWW,cW-W,7UNU_a.U1080-a.G1093
7UNU,A,2291,G,A,2299,U,A.G2291-A.U2299,~Wobble,--,cWW,cW-W,7UNU_A.G2291-A.U2299
7TOO,A25S,3348,G,A25S,3357,U,A25S.G3348-A25S.U3357,--,--,cWW,cW-W,7TOO_A25S.G3348-A25S.U3357
4JYA,A,1069,U,A,1082,G,A.U1069-A.G1082,~Wobble,--,cWW,cW-W,4JYA_A.U1069-A.G1082
6ENU,a,677,U,a,713,G,a.U677-a.G713,~Wobble,--,cWW,cW-W,6ENU_a.U677-a.G713
6ENU,a,1086,U,a,1099,G,a.U1086-a.G1099,~Wobble,--,cWW,cW-W,6ENU_a.U1086-a.G1099
6ENU,A,2304,G,A,2312,U,A.G2304-A.U2312,~Wobble,--,cWW,cW-W,6ENU_A.G2304-A.U2312
7BOE,A,677,U,A,713,G,A.U677-A.G713,~Wobble,--,cWW,cW-W,7BOE_A.U677-A.G713
7BOE,A,1086,U,A,1099,G,A.U1086-A.G1099,~Wobble,--,cWW,cW-W,7BOE_A.U1086-A.G1099
7LS2,A2,1561,G,A2,1575,U,A2.G1561-A2.U1575,~Wobble,--,cWW,cW-W,7LS2_A2.G1561-A2.U1575
7LS2,A2,3782,U,A2,3804,G,A2.U3782-A2.G3804,--,--,cWW,cW-W,7LS2_A2.U3782-A2.G3804
4WF1,AA,677,U,AA,713,G,AA.U677-AA.G713,~Wobble,--,cWW,cW-W,4WF1_AA.U677-AA.G713
4WF1,BA,2304,G,BA,2312,U,BA.G2304-BA.U2312,~Wobble,--,cWW,cW-W,4WF1_BA.G2304-BA.U2312
4WF1,CA,677,U,CA,713,G,CA.U677-CA.G713,~Wobble,--,cWW,cW-W,4WF1_CA.U677-CA.G713
4WF1,DA,2304,G,DA,2312,U,DA.G2304-DA.U2312,~Wobble,--,cWW,cW-W,4WF1_DA.G2304-DA.U2312
4Z8C,1A,2315,G,1A,2323,U,1A.G2315-1A.U2323,~Wobble,--,cWW,cW-W,4Z8C_1A.G2315-1A.U2323
4Z8C,1a,661,U,1a,697,G,1a.U661-1a.G697,~Wobble,--,cWW,cW-W,4Z8C_1a.U661-1a.G697
4Z8C,1a,1069,U,1a,1082,G,1a.U1069-1a.G1082,~Wobble,--,cWW,cW-W,4Z8C_1a.U1069-1a.G1082
7OIZ,A,1086,U,A,1099,G,A.U1086-A.G1099,~Wobble,--,cWW,cW-W,7OIZ_A.U1086-A.G1099
4LF7,A,677,U,A,713,G,A.U677-A.G713,~Wobble,--,cWW,cW-W,4LF7_A.U677-A.G713
4LF7,A,1086,U,A,1099,G,A.U1086-A.G1099,~Wobble,--,cWW,cW-W,4LF7_A.U1086-A.G1099
4YBB,AA,677,U,AA,713,G,AA.U677-AA.G713,~Wobble,--,cWW,cW-W,4YBB_AA.U677-AA.G713
4YBB,BA,677,U,BA,713,G,BA.U677-BA.G713,~Wobble,--,cWW,cW-W,4YBB_BA.U677-BA.G713
4YBB,CA,2304,G,CA,2312,U,CA.G2304-CA.U2312,~Wobble,--,cWW,cW-W,4YBB_CA.G2304-CA.U2312
4YBB,DA,2304,G,DA,2312,U,DA.G2304-DA.U2312,~Wobble,--,cWW,cW-W,4YBB_DA.G2304-DA.U2312
7ST7,3,1086,U,3,1099,G,3.U1086-3.G1099,~Wobble,--,cWW,cW-W,7ST7_3.U1086-3.G1099
7NAR,A,677,U,A,713,G,A.U677-A.G713,~Wobble,--,cWW,cW-W,7NAR_A.U677-A.G713
7NAR,A,1086,U,A,1099,G,A.U1086-A.G1099,~Wobble,--,cWW,cW-W,7NAR_A.U1086-A.G1099
4U4Z,5,1019,G,5,1033,U,5.G1019-5.U1033,~Wobble,--,cWW,cW-W,4U4Z_5.G1019-5.U1033
4WU1,13,677,U,13,713,G,13.U677-13.G713,~Wobble,--,cWW,cW-W,4WU1_13.U677-13.G713
4WU1,1G,677,U,1G,713,G,1G.U677-1G.G713,~Wobble,--,cWW,cW-W,4WU1_1G.U677-1G.G713
4WU1,1G,1086,U,1G,1099,G,1G.U1086-1G.G1099,~Wobble,--,cWW,cW-W,4WU1_1G.U1086-1G.G1099
7ASN,A,1494,G,A,1504,U,A.G1494-A.U1504,~Wobble,--,cWW,cW-W,7ASN_A.G1494-A.U1504
7ASN,A,2133,G,A,2211,U,A.G2133-A.U2211,~Wobble,--,cWW,cW-W,7ASN_A.G2133-A.U2211
7L49,E,139,U,E,183,G,E.U139-E.G183,--,--,cWW,cW-W,7L49_E.U139-E.G183
3CPW,0,2586,U,0,2592,G,0.U2586-0.G2592,~Wobble,--,cWW,cW-W,3CPW_0.U2586-0.G2592
4V7X,AA,677,U,AA,713,G,AA.U677-AA.G713,~Wobble,--,cWW,cW-W,4V7X_AA.U677-AA.G713
4V7X,BA,2304,G,BA,2312,U,BA.G2304-BA.U2312,~Wobble,--,cWW,cW-W,4V7X_BA.G2304-BA.U2312
4V7X,CA,677,U,CA,713,G,CA.U677-CA.G713,~Wobble,--,cWW,cW-W,4V7X_CA.U677-CA.G713
4V7X,DA,2304,G,DA,2312,U,DA.G2304-DA.U2312,~Wobble,--,cWW,cW-W,4V7X_DA.G2304-DA.U2312
6PCR,I,2102,G,I,2187,U,I.G2102-I.U2187,~Wobble,--,cWW,cW-W,6PCR_I.G2102-I.U2187
7BOG,A,677,U,A,713,G,A.U677-A.G713,~Wobble,--,cWW,cW-W,7BOG_A.U677-A.G713
7ST6,3,677,U,3,713,G,3.U677-3.G713,~Wobble,--,cWW,cW-W,7ST6_3.U677-3.G713
7ST6,3,1086,U,3,1099,G,3.U1086-3.G1099,~Wobble,--,cWW,cW-W,7ST6_3.U1086-3.G1099
7ST6,1,2304,G,1,2312,U,1.G2304-1.U2312,~Wobble,--,cWW,cW-W,7ST6_1.G2304-1.U2312
6CFK,1A,2316,G,1A,2324,U,1A.G2316-1A.U2324,~Wobble,--,cWW,cW-W,6CFK_1A.G2316-1A.U2324
6CFK,1a,677,U,1a,713,G,1a.U677-1a.G713,~Wobble,--,cWW,cW-W,6CFK_1a.U677-1a.G713
6CFK,2a,677,U,2a,713,G,2a.U677-2a.G713,~Wobble,--,cWW,cW-W,6CFK_2a.U677-2a.G713
6CFK,2a,1086,U,2a,1099,G,2a.U1086-2a.G1099,~Wobble,--,cWW,cW-W,6CFK_2a.U1086-2a.G1099
7RQC,1A,2304,G,1A,2312,U,1A.G2304-1A.U2312,~Wobble,--,cWW,cW-W,7RQC_1A.G2304-1A.U2312
7RQC,1a,677,U,1a,713,G,1a.U677-1a.G713,~Wobble,--,cWW,cW-W,7RQC_1a.U677-1a.G713
7RQC,2a,677,U,2a,713,G,2a.U677-2a.G713,~Wobble,--,cWW,cW-W,7RQC_2a.U677-2a.G713
7RQC,2a,1086,U,2a,1099,G,2a.U1086-2a.G1099,~Wobble,--,cWW,cW-W,7RQC_2a.U1086-2a.G1099
1N8R,A,2586,U,A,2592,G,A.U2586-A.G2592,~Wobble,--,cWW,cW-W,1N8R_A.U2586-A.G2592
6BZ6,QA,677,U,QA,713,G,QA.U677-QA.G713,~Wobble,--,cWW,cW-W,6BZ6_QA.U677-QA.G713
6BZ6,XA,80,G,XA,89,U,XA.G80-XA.U89,~Wobble,--,cWW,cW-W,6BZ6_XA.G80-XA.U89
6BZ6,XA,677,U,XA,713,G,XA.U677-XA.G713,~Wobble,--,cWW,cW-W,6BZ6_XA.U677-XA.G713
6S12,A,1878,U,A,1918,G,A.U1878-A.G1918,--,--,cWW,cW-W,6S12_A.U1878-A.G1918
7VYX,C,15,U,C,51,G,C.U15-C.G51,--,--,cWW,cW-W,7VYX_C.U15-C.G51
7VYX,C,22,G,C,40,U,C.G22-C.U40,~Wobble,--,cWW,cW-W,7VYX_C.G22-C.U40
7VYX,C,28,G,C,34,U,C.G28-C.U34,~Wobble,--,cWW,cW-W,7VYX_C.G28-C.U34
7VYX,D,15,U,D,51,G,D.U15-D.G51,--,--,cWW,cW-W,7VYX_D.U15-D.G51
7VYX,D,22,G,D,40,U,D.G22-D.U40,~Wobble,--,cWW,cW-W,7VYX_D.G22-D.U40
7P7U,A,2317,G,A,2325,U,A.G2317-A.U2325,~Wobble,--,cWW,cW-W,7P7U_A.G2317-A.U2325
7P7U,a,703,U,a,739,G,a.U703-a.G739,~Wobble,--,cWW,cW-W,7P7U_a.U703-a.G739
7P7U,a,1113,U,a,1126,G,a.U1113-a.G1126,~Wobble,--,cWW,cW-W,7P7U_a.U1113-a.G1126
8CWO,A,659,U,A,695,G,A.U659-A.G695,~Wobble,--,cWW,cW-W,8CWO_A.U659-A.G695
7NHN,A,2337,G,A,2345,U,A.G2337-A.U2345,~Wobble,--,cWW,cW-W,7NHN_A.G2337-A.U2345
7NHN,a,687,U,a,723,G,a.U687-a.G723,~Wobble,--,cWW,cW-W,7NHN_a.U687-a.G723
7TTW,1,1515,G,1,1565,U,1.G1515-1.U1565,~Wobble,--,cWW,cW-W,7TTW_1.G1515-1.U1565
7TTW,1,1577,G,1,1589,U,1.G1577-1.U1589,~Wobble,--,cWW,cW-W,7TTW_1.G1577-1.U1589
1Q86,A,2586,U,A,2592,G,A.U2586-A.G2592,~Wobble,--,cWW,cW-W,1Q86_A.U2586-A.G2592
7UVW,A,2300,G,A,2308,U,A.G2300-A.U2308,~Wobble,--,cWW,cW-W,7UVW_A.G2300-A.U2308
5J30,RA,2304,G,RA,2312,U,RA.G2304-RA.U2312,~Wobble,--,cWW,cW-W,5J30_RA.G2304-RA.U2312
5J30,QA,677,U,QA,713,G,QA.U677-QA.G713,~Wobble,--,cWW,cW-W,5J30_QA.U677-QA.G713
5J30,XA,677,U,XA,713,G,XA.U677-XA.G713,~Wobble,--,cWW,cW-W,5J30_XA.U677-XA.G713
5J30,XA,1086,U,XA,1099,G,XA.U1086-XA.G1099,~Wobble,--,cWW,cW-W,5J30_XA.U1086-XA.G1099
1S72,0,2586,U,0,2592,G,0.U2586-0.G2592,~Wobble,--,cWW,cW-W,1S72_0.U2586-0.G2592
5.00E+81,13,677,U,13,713,G,13.U677-13.G713,~Wobble,--,cWW,cW-W,5E81_13.U677-13.G713
5.00E+81,1H,2304,G,1H,2312,U,1H.G2304-1H.U2312,~Wobble,--,cWW,cW-W,5E81_1H.G2304-1H.U2312
5.00E+81,1G,677,U,1G,713,G,1G.U677-1G.G713,~Wobble,--,cWW,cW-W,5E81_1G.U677-1G.G713
5.00E+81,1G,1086,U,1G,1099,G,1G.U1086-1G.G1099,~Wobble,--,cWW,cW-W,5E81_1G.U1086-1G.G1099
5.00E+81,14,2304,G,14,2312,U,14.G2304-14.U2312,~Wobble,--,cWW,cW-W,5E81_14.G2304-14.U2312
4V5J,AA,677,U,AA,713,G,AA.U677-AA.G713,~Wobble,--,cWW,cW-W,4V5J_AA.U677-AA.G713
4V5J,CA,677,U,CA,713,G,CA.U677-CA.G713,~Wobble,--,cWW,cW-W,4V5J_CA.U677-CA.G713
5E7K,13,677,U,13,713,G,13.U677-13.G713,~Wobble,--,cWW,cW-W,5E7K_13.U677-13.G713
5E7K,1G,677,U,1G,713,G,1G.U677-1G.G713,~Wobble,--,cWW,cW-W,5E7K_1G.U677-1G.G713
5E7K,14,2304,G,14,2312,U,14.G2304-14.U2312,~Wobble,--,cWW,cW-W,5E7K_14.G2304-14.U2312
6WU9,A,2318,G,A,2326,U,A.G2318-A.U2326,~Wobble,--,cWW,cW-W,6WU9_A.G2318-A.U2326
7S0S,C,470,G,C,480,U,C.G470-C.U480,~Wobble,--,cWW,cW-W,7S0S_C.G470-C.U480
3CCM,0,2586,U,0,2592,G,0.U2586-0.G2592,~Wobble,--,cWW,cW-W,3CCM_0.U2586-0.G2592
7BL4,A,881,G,A,895,U,A.G881-A.U895,~Wobble,--,cWW,cW-W,7BL4_A.G881-A.U895
7NFX,1,110,U,1,243,G,1.U110-1.G243,~Wobble,--,cWW,cW-W,7NFX_1.U110-1.G243
7NFX,1,117,U,1,235,G,1.U117-1.G235,--,--,cWW,cW-W,7NFX_1.U117-1.G235
7NFX,5,2550,G,5,2767,U,5.G2550-5.U2767,~Wobble,--,cWW,cW-W,7NFX_5.G2550-5.U2767
7NFX,5,4740,G,5,4959,U,5.G4740-5.U4959,~Wobble,--,cWW,cW-W,7NFX_5.G4740-5.U4959
7NFX,5,4765,G,5,4869,U,5.G4765-5.U4869,~Wobble,--,cWW,cW-W,7NFX_5.G4765-5.U4869
4V8H,AA,677,U,AA,713,G,AA.U677-AA.G713,~Wobble,--,cWW,cW-W,4V8H_AA.U677-AA.G713
4V8H,AA,1086,U,AA,1099,G,AA.U1086-AA.G1099,--,--,cWW,cW-W,4V8H_AA.U1086-AA.G1099
4V8H,CA,677,U,CA,713,G,CA.U677-CA.G713,~Wobble,--,cWW,cW-W,4V8H_CA.U677-CA.G713
6WRS,1,1515,G,1,1565,U,1.G1515-1.U1565,~Wobble,--,cWW,cW-W,6WRS_1.G1515-1.U1565
6WRS,1,2331,G,1,2339,U,1.G2331-1.U2339,~Wobble,--,cWW,cW-W,6WRS_1.G2331-1.U2339
4WR6,13,677,U,13,713,G,13.U677-13.G713,~Wobble,--,cWW,cW-W,4WR6_13.U677-13.G713
4WR6,13,1086,U,13,1099,G,13.U1086-13.G1099,--,--,cWW,cW-W,4WR6_13.U1086-13.G1099
4WR6,1H,2304,G,1H,2312,U,1H.G2304-1H.U2312,~Wobble,--,cWW,cW-W,4WR6_1H.G2304-1H.U2312
4WR6,1G,677,U,1G,713,G,1G.U677-1G.G713,~Wobble,--,cWW,cW-W,4WR6_1G.U677-1G.G713
4WR6,1G,1086,U,1G,1099,G,1G.U1086-1G.G1099,~Wobble,--,cWW,cW-W,4WR6_1G.U1086-1G.G1099
4WR6,14,1042,G,14,1113,U,14.G1042-14.U1113,--,--,cWW,cW-W,4WR6_14.G1042-14.U1113
6Y69,a,677,U,a,713,G,a.U677-a.G713,~Wobble,--,cWW,cW-W,6Y69_a.U677-a.G713
6Y69,a,1086,U,a,1099,G,a.U1086-a.G1099,~Wobble,--,cWW,cW-W,6Y69_a.U1086-a.G1099
6Y69,A,2304,G,A,2312,U,A.G2304-A.U2312,~Wobble,--,cWW,cW-W,6Y69_A.G2304-A.U2312
7AF3,1,1086,U,1,1099,G,1.U1086-1.G1099,~Wobble,--,cWW,cW-W,7AF3_1.U1086-1.G1099
5EL4,13,677,U,13,713,G,13.U677-13.G713,~Wobble,--,cWW,cW-W,5EL4_13.U677-13.G713
5EL4,1G,677,U,1G,713,G,1G.U677-1G.G713,~Wobble,--,cWW,cW-W,5EL4_1G.U677-1G.G713
5EL4,1G,1086,U,1G,1099,G,1G.U1086-1G.G1099,~Wobble,--,cWW,cW-W,5EL4_1G.U1086-1G.G1099
5IBB,13,677,U,13,713,G,13.U677-13.G713,~Wobble,--,cWW,cW-W,5IBB_13.U677-13.G713
5IBB,1H,2304,G,1H,2312,U,1H.G2304-1H.U2312,~Wobble,--,cWW,cW-W,5IBB_1H.G2304-1H.U2312
5IBB,1G,1086,U,1G,1099,G,1G.U1086-1G.G1099,~Wobble,--,cWW,cW-W,5IBB_1G.U1086-1G.G1099
5IBB,3L,50,G,3L,64,U,3L.G50-3L.U64,~Wobble,--,cWW,cW-W,5IBB_3L.G50-3L.U64
5IBB,14,2304,G,14,2312,U,14.G2304-14.U2312,~Wobble,--,cWW,cW-W,5IBB_14.G2304-14.U2312
7N2C,16,677,U,16,713,G,16.U677-16.G713,~Wobble,--,cWW,cW-W,7N2C_16.U677-16.G713
7N2C,16,1086,U,16,1099,G,16.U1086-16.G1099,~Wobble,--,cWW,cW-W,7N2C_16.U1086-16.G1099
4ZER,1A,2316,G,1A,2324,U,1A.G2316-1A.U2324,~Wobble,--,cWW,cW-W,4ZER_1A.G2316-1A.U2324
4ZER,1a,677,U,1a,713,G,1a.U677-1a.G713,~Wobble,--,cWW,cW-W,4ZER_1a.U677-1a.G713
4ZER,2a,677,U,2a,713,G,2a.U677-2a.G713,~Wobble,--,cWW,cW-W,4ZER_2a.U677-2a.G713
1M90,A,2586,U,A,2592,G,A.U2586-A.G2592,~Wobble,--,cWW,cW-W,1M90_A.U2586-A.G2592
1YIT,0,2586,U,0,2592,G,0.U2586-0.G2592,~Wobble,--,cWW,cW-W,1YIT_0.U2586-0.G2592
5NDJ,13,1306,U,13,1342,G,13.U1306-13.G1342,~Wobble,--,cWW,cW-W,5NDJ_13.U1306-13.G1342
5NDJ,1G,1306,U,1G,1342,G,1G.U1306-1G.G1342,~Wobble,--,cWW,cW-W,5NDJ_1G.U1306-1G.G1342
5NDJ,1G,1714,U,1G,1727,G,1G.U1714-1G.G1727,~Wobble,--,cWW,cW-W,5NDJ_1G.U1714-1G.G1727
5NDJ,1H,2319,G,1H,2327,U,1H.G2319-1H.U2327,~Wobble,--,cWW,cW-W,5NDJ_1H.G2319-1H.U2327
6XZB,A1,677,U,A1,713,G,A1.U677-A1.G713,~Wobble,--,cWW,cW-W,6XZB_A1.U677-A1.G713
6XZB,A2,2304,G,A2,2312,U,A2.G2304-A2.U2312,~Wobble,--,cWW,cW-W,6XZB_A2.G2304-A2.U2312
6SKG,BA,1014,G,BA,1024,U,BA.G1014-BA.U1024,~Wobble,--,cWW,cW-W,6SKG_BA.G1014-BA.U1024
1Q82,A,2586,U,A,2592,G,A.U2586-A.G2592,~Wobble,--,cWW,cW-W,1Q82_A.U2586-A.G2592
4LFB,A,677,U,A,713,G,A.U677-A.G713,~Wobble,--,cWW,cW-W,4LFB_A.U677-A.G713
4LFB,A,1086,U,A,1099,G,A.U1086-A.G1099,~Wobble,--,cWW,cW-W,4LFB_A.U1086-A.G1099
4V6C,AA,677,U,AA,713,G,AA.U677-AA.G713,~Wobble,--,cWW,cW-W,4V6C_AA.U677-AA.G713
4V6C,BA,2304,G,BA,2312,U,BA.G2304-BA.U2312,~Wobble,--,cWW,cW-W,4V6C_BA.G2304-BA.U2312
4V6C,CA,677,U,CA,713,G,CA.U677-CA.G713,~Wobble,--,cWW,cW-W,4V6C_CA.U677-CA.G713
6CFL,1A,2316,G,1A,2324,U,1A.G2316-1A.U2324,~Wobble,--,cWW,cW-W,6CFL_1A.G2316-1A.U2324
6CFL,1a,677,U,1a,713,G,1a.U677-1a.G713,~Wobble,--,cWW,cW-W,6CFL_1a.U677-1a.G713
6CFL,2a,677,U,2a,713,G,2a.U677-2a.G713,~Wobble,--,cWW,cW-W,6CFL_2a.U677-2a.G713
6CFL,2a,1086,U,2a,1099,G,2a.U1086-2a.G1099,~Wobble,--,cWW,cW-W,6CFL_2a.U1086-2a.G1099
7O19,AA,677,U,AA,713,G,AA.U677-AA.G713,~Wobble,--,cWW,cW-W,7O19_AA.U677-AA.G713
7O19,AA,1086,U,AA,1099,G,AA.U1086-AA.G1099,~Wobble,--,cWW,cW-W,7O19_AA.U1086-AA.G1099
7O19,BA,2304,G,BA,2312,U,BA.G2304-BA.U2312,~Wobble,--,cWW,cW-W,7O19_BA.G2304-BA.U2312
4V5Q,AA,677,U,AA,713,G,AA.U677-AA.G713,~Wobble,--,cWW,cW-W,4V5Q_AA.U677-AA.G713
4V5Q,BA,2304,G,BA,2312,U,BA.G2304-BA.U2312,~Wobble,--,cWW,cW-W,4V5Q_BA.G2304-BA.U2312
4V5Q,CA,677,U,CA,713,G,CA.U677-CA.G713,~Wobble,--,cWW,cW-W,4V5Q_CA.U677-CA.G713
4V5Q,DA,2304,G,DA,2312,U,DA.G2304-DA.U2312,~Wobble,--,cWW,cW-W,4V5Q_DA.G2304-DA.U2312
4V9R,AA,677,U,AA,713,G,AA.U677-AA.G713,~Wobble,--,cWW,cW-W,4V9R_AA.U677-AA.G713
4V9R,BA,2316,G,BA,2324,U,BA.G2316-BA.U2324,~Wobble,--,cWW,cW-W,4V9R_BA.G2316-BA.U2324
4V9R,CA,1086,U,CA,1099,G,CA.U1086-CA.G1099,~Wobble,--,cWW,cW-W,4V9R_CA.U1086-CA.G1099
4V9R,DA,2304,G,DA,2312,U,DA.G2304-DA.U2312,~Wobble,--,cWW,cW-W,4V9R_DA.G2304-DA.U2312
6S0K,A,2304,G,A,2312,U,A.G2304-A.U2312,~Wobble,--,cWW,cW-W,6S0K_A.G2304-A.U2312
7NWI,5,2557,G,5,2570,U,5.G2557-5.U2570,--,--,cWW,cW-W,7NWI_5.G2557-5.U2570
7N2V,16,677,U,16,713,G,16.U677-16.G713,~Wobble,--,cWW,cW-W,7N2V_16.U677-16.G713
7N2V,16,1086,U,16,1099,G,16.U1086-16.G1099,~Wobble,--,cWW,cW-W,7N2V_16.U1086-16.G1099
2UXC,A,677,U,A,713,G,A.U677-A.G713,~Wobble,--,cWW,cW-W,2UXC_A.U677-A.G713
5WE4,a,677,U,a,713,G,a.U677-a.G713,--,--,cWW,cW-W,5WE4_a.U677-a.G713
4Z3S,1A,2304,G,1A,2312,U,1A.G2304-1A.U2312,~Wobble,--,cWW,cW-W,4Z3S_1A.G2304-1A.U2312
4Z3S,1a,677,U,1a,713,G,1a.U677-1a.G713,~Wobble,--,cWW,cW-W,4Z3S_1a.U677-1a.G713
4Z3S,2A,2304,G,2A,2312,U,2A.G2304-2A.U2312,~Wobble,--,cWW,cW-W,4Z3S_2A.G2304-2A.U2312
4Z3S,2a,677,U,2a,713,G,2a.U677-2a.G713,~Wobble,--,cWW,cW-W,4Z3S_2a.U677-2a.G713
4Z3S,2a,1086,U,2a,1099,G,2a.U1086-2a.G1099,~Wobble,--,cWW,cW-W,4Z3S_2a.U1086-2a.G1099
4WOI,AA,677,U,AA,713,G,AA.U677-AA.G713,~Wobble,--,cWW,cW-W,4WOI_AA.U677-AA.G713
4WOI,BA,2304,G,BA,2312,U,BA.G2304-BA.U2312,--,--,cWW,cW-W,4WOI_BA.G2304-BA.U2312
4WOI,CA,2304,G,CA,2312,U,CA.G2304-CA.U2312,~Wobble,--,cWW,cW-W,4WOI_CA.G2304-CA.U2312
4WOI,DA,677,U,DA,713,G,DA.U677-DA.G713,~Wobble,--,cWW,cW-W,4WOI_DA.U677-DA.G713
5J7L,AA,677,U,AA,713,G,AA.U677-AA.G713,~Wobble,--,cWW,cW-W,5J7L_AA.U677-AA.G713
5J7L,BA,677,U,BA,713,G,BA.U677-BA.G713,~Wobble,--,cWW,cW-W,5J7L_BA.U677-BA.G713
5J7L,CA,2304,G,CA,2312,U,CA.G2304-CA.U2312,~Wobble,--,cWW,cW-W,5J7L_CA.G2304-CA.U2312
5J7L,DA,2304,G,DA,2312,U,DA.G2304-DA.U2312,~Wobble,--,cWW,cW-W,5J7L_DA.G2304-DA.U2312
1YJW,0,2586,U,0,2592,G,0.U2586-0.G2592,~Wobble,--,cWW,cW-W,1YJW_0.U2586-0.G2592
4V7T,AA,677,U,AA,713,G,AA.U677-AA.G713,--,--,cWW,cW-W,4V7T_AA.U677-AA.G713
4V7T,BA,2304,G,BA,2312,U,BA.G2304-BA.U2312,~Wobble,--,cWW,cW-W,4V7T_BA.G2304-BA.U2312
4V7T,CA,677,U,CA,713,G,CA.U677-CA.G713,~Wobble,--,cWW,cW-W,4V7T_CA.U677-CA.G713
1VQM,0,2586,U,0,2592,G,0.U2586-0.G2592,~Wobble,--,cWW,cW-W,1VQM_0.U2586-0.G2592
4U24,CA,677,U,CA,713,G,CA.U677-CA.G713,~Wobble,--,cWW,cW-W,4U24_CA.U677-CA.G713
1Q81,A,2586,U,A,2592,G,A.U2586-A.G2592,~Wobble,--,cWW,cW-W,1Q81_A.U2586-A.G2592
2OTL,0,2586,U,0,2592,G,0.U2586-0.G2592,~Wobble,--,cWW,cW-W,2OTL_0.U2586-0.G2592
3G71,0,2586,U,0,2592,G,0.U2586-0.G2592,~Wobble,--,cWW,cW-W,3G71_0.U2586-0.G2592
2UU9,A,677,U,A,713,G,A.U677-A.G713,~Wobble,--,cWW,cW-W,2UU9_A.U677-A.G713
1YI2,0,2586,U,0,2592,G,0.U2586-0.G2592,~Wobble,--,cWW,cW-W,1YI2_0.U2586-0.G2592
5O60,A,1578,G,A,1593,U,A.G1578-A.U1593,~Wobble,--,cWW,cW-W,5O60_A.G1578-A.U1593
5O60,A,2528,G,A,2536,U,A.G2528-A.U2536,~Wobble,--,cWW,cW-W,5O60_A.G2528-A.U2536
6DDD,1,428,G,1,438,U,1.G428-1.U438,~Wobble,--,cWW,cW-W,6DDD_1.G428-1.U438
6WRU,1,1515,G,1,1565,U,1.G1515-1.U1565,~Wobble,--,cWW,cW-W,6WRU_1.G1515-1.U1565
6WRU,1,1577,G,1,1589,U,1.G1577-1.U1589,~Wobble,--,cWW,cW-W,6WRU_1.G1577-1.U1589
4WRO,13,677,U,13,713,G,13.U677-13.G713,~Wobble,--,cWW,cW-W,4WRO_13.U677-13.G713
4WRO,1H,2304,G,1H,2312,U,1H.G2304-1H.U2312,~Wobble,--,cWW,cW-W,4WRO_1H.G2304-1H.U2312
4WRO,1G,677,U,1G,713,G,1G.U677-1G.G713,~Wobble,--,cWW,cW-W,4WRO_1G.U677-1G.G713
4WRO,1G,1086,U,1G,1099,G,1G.U1086-1G.G1099,~Wobble,--,cWW,cW-W,4WRO_1G.U1086-1G.G1099
1XNR,A,677,U,A,713,G,A.U677-A.G713,~Wobble,--,cWW,cW-W,1XNR_A.U677-A.G713
1XNR,A,1086,U,A,1099,G,A.U1086-A.G1099,~Wobble,--,cWW,cW-W,1XNR_A.U1086-A.G1099
7ZTA,16S1,677,U,16S1,713,G,16S1.U677-16S1.G713,~Wobble,--,cWW,cW-W,7ZTA_16S1.U677-16S1.G713
7ZTA,16S1,1086,U,16S1,1099,G,16S1.U1086-16S1.G1099,~Wobble,--,cWW,cW-W,7ZTA_16S1.U1086-16S1.G1099
7ZTA,23S1,2304,G,23S1,2312,U,23S1.G2304-23S1.U2312,~Wobble,--,cWW,cW-W,7ZTA_23S1.G2304-23S1.U2312
4WQR,13,677,U,13,713,G,13.U677-13.G713,~Wobble,--,cWW,cW-W,4WQR_13.U677-13.G713
4WQR,1H,2304,G,1H,2312,U,1H.G2304-1H.U2312,~Wobble,--,cWW,cW-W,4WQR_1H.G2304-1H.U2312
4WQR,1G,677,U,1G,713,G,1G.U677-1G.G713,~Wobble,--,cWW,cW-W,4WQR_1G.U677-1G.G713
4WQR,1G,1086,U,1G,1099,G,1G.U1086-1G.G1099,~Wobble,--,cWW,cW-W,4WQR_1G.U1086-1G.G1099
6YSR,A,2304,G,A,2312,U,A.G2304-A.U2312,~Wobble,--,cWW,cW-W,6YSR_A.G2304-A.U2312
6YSR,a,677,U,a,713,G,a.U677-a.G713,~Wobble,--,cWW,cW-W,6YSR_a.U677-a.G713
7BOH,A,677,U,A,713,G,A.U677-A.G713,~Wobble,--,cWW,cW-W,7BOH_A.U677-A.G713
7BOH,A,1086,U,A,1099,G,A.U1086-A.G1099,~Wobble,--,cWW,cW-W,7BOH_A.U1086-A.G1099
6I7V,DA,2304,G,DA,2312,U,DA.G2304-DA.U2312,~Wobble,--,cWW,cW-W,6I7V_DA.G2304-DA.U2312
5J5B,AA,677,U,AA,713,G,AA.U677-AA.G713,~Wobble,--,cWW,cW-W,5J5B_AA.U677-AA.G713
5J5B,BA,677,U,BA,713,G,BA.U677-BA.G713,~Wobble,--,cWW,cW-W,5J5B_BA.U677-BA.G713
5J5B,CA,2304,G,CA,2312,U,CA.G2304-CA.U2312,~Wobble,--,cWW,cW-W,5J5B_CA.G2304-CA.U2312
5J5B,DA,2304,G,DA,2312,U,DA.G2304-DA.U2312,~Wobble,--,cWW,cW-W,5J5B_DA.G2304-DA.U2312
4Y4P,1A,2316,G,1A,2324,U,1A.G2316-1A.U2324,~Wobble,--,cWW,cW-W,4Y4P_1A.G2316-1A.U2324
4Y4P,1a,677,U,1a,713,G,1a.U677-1a.G713,~Wobble,--,cWW,cW-W,4Y4P_1a.U677-1a.G713
4Y4P,2A,2304,G,2A,2312,U,2A.G2304-2A.U2312,~Wobble,--,cWW,cW-W,4Y4P_2A.G2304-2A.U2312
4Y4P,2a,1086,U,2a,1099,G,2a.U1086-2a.G1099,~Wobble,--,cWW,cW-W,4Y4P_2a.U1086-2a.G1099
4V5P,AA,677,U,AA,713,G,AA.U677-AA.G713,~Wobble,--,cWW,cW-W,4V5P_AA.U677-AA.G713
4V5P,BA,2304,G,BA,2312,U,BA.G2304-BA.U2312,~Wobble,--,cWW,cW-W,4V5P_BA.G2304-BA.U2312
4V5P,CA,677,U,CA,713,G,CA.U677-CA.G713,~Wobble,--,cWW,cW-W,4V5P_CA.U677-CA.G713
4V5P,DA,2304,G,DA,2312,U,DA.G2304-DA.U2312,~Wobble,--,cWW,cW-W,4V5P_DA.G2304-DA.U2312
3I56,0,2586,U,0,2592,G,0.U2586-0.G2592,~Wobble,--,cWW,cW-W,3I56_0.U2586-0.G2592
5IT8,AA,677,U,AA,713,G,AA.U677-AA.G713,~Wobble,--,cWW,cW-W,5IT8_AA.U677-AA.G713
5IT8,BA,677,U,BA,713,G,BA.U677-BA.G713,~Wobble,--,cWW,cW-W,5IT8_BA.U677-BA.G713
5IT8,CA,2304,G,CA,2312,U,CA.G2304-CA.U2312,~Wobble,--,cWW,cW-W,5IT8_CA.G2304-CA.U2312
5IT8,DA,2304,G,DA,2312,U,DA.G2304-DA.U2312,~Wobble,--,cWW,cW-W,5IT8_DA.G2304-DA.U2312
5HCR,1a,661,U,1a,697,G,1a.U661-1a.G697,~Wobble,--,cWW,cW-W,5HCR_1a.U661-1a.G697
6OTR,QA,677,U,QA,713,G,QA.U677-QA.G713,~Wobble,--,cWW,cW-W,6OTR_QA.U677-QA.G713
6OTR,YA,2304,G,YA,2312,U,YA.G2304-YA.U2312,~Wobble,--,cWW,cW-W,6OTR_YA.G2304-YA.U2312
8H2H,A,2442,G,A,2481,U,A.G2442-A.U2481,~Wobble,--,cWW,cW-W,8H2H_A.G2442-A.U2481
7TOQ,A25S,2485,U,A25S,2493,G,A25S.U2485-A25S.G2493,~Wobble,--,cWW,cW-W,7TOQ_A25S.U2485-A25S.G2493
7M4X,A,2300,G,A,2308,U,A.G2300-A.U2308,~Wobble,--,cWW,cW-W,7M4X_A.G2300-A.U2308
7M4X,a,1083,U,a,1096,G,a.U1083-a.G1096,~Wobble,--,cWW,cW-W,7M4X_a.U1083-a.G1096
6OF6,QA,677,U,QA,713,G,QA.U677-QA.G713,~Wobble,--,cWW,cW-W,6OF6_QA.U677-QA.G713
6OF6,RA,2304,G,RA,2312,U,RA.G2304-RA.U2312,~Wobble,--,cWW,cW-W,6OF6_RA.G2304-RA.U2312
6OF6,XA,677,U,XA,713,G,XA.U677-XA.G713,~Wobble,--,cWW,cW-W,6OF6_XA.U677-XA.G713
6OF6,YA,881,G,YA,895,U,YA.G881-YA.U895,--,--,cWW,cW-W,6OF6_YA.G881-YA.U895
6OF6,YA,2304,G,YA,2312,U,YA.G2304-YA.U2312,~Wobble,--,cWW,cW-W,6OF6_YA.G2304-YA.U2312
4B3S,A,677,U,A,713,G,A.U677-A.G713,~Wobble,--,cWW,cW-W,4B3S_A.U677-A.G713
4B3S,A,1086,U,A,1099,G,A.U1086-A.G1099,~Wobble,--,cWW,cW-W,4B3S_A.U1086-A.G1099
4V5S,AA,677,U,AA,713,G,AA.U677-AA.G713,~Wobble,--,cWW,cW-W,4V5S_AA.U677-AA.G713
4V5S,BA,2100,G,BA,2189,U,BA.G2100-BA.U2189,~Wobble,--,cWW,cW-W,4V5S_BA.G2100-BA.U2189
4V5S,BA,2304,G,BA,2312,U,BA.G2304-BA.U2312,~Wobble,--,cWW,cW-W,4V5S_BA.G2304-BA.U2312
4V5S,CA,677,U,CA,713,G,CA.U677-CA.G713,~Wobble,--,cWW,cW-W,4V5S_CA.U677-CA.G713
4V5S,DA,2100,G,DA,2189,U,DA.G2100-DA.U2189,~Wobble,--,cWW,cW-W,4V5S_DA.G2100-DA.U2189
3CD6,0,2586,U,0,2592,G,0.U2586-0.G2592,~Wobble,--,cWW,cW-W,3CD6_0.U2586-0.G2592
7O5H,A,677,U,A,713,G,A.U677-A.G713,~Wobble,--,cWW,cW-W,7O5H_A.U677-A.G713
7ZOD,b,2304,G,b,2312,U,b.G2304-b.U2312,~Wobble,--,cWW,cW-W,7ZOD_b.G2304-b.U2312
6QZP,L5,1174,G,L5,1186,U,L5.G1174-L5.U1186,~Wobble,--,cWW,cW-W,6QZP_L5.G1174-L5.U1186
4U25,AA,677,U,AA,713,G,AA.U677-AA.G713,~Wobble,--,cWW,cW-W,4U25_AA.U677-AA.G713
4U25,BA,2304,G,BA,2312,U,BA.G2304-BA.U2312,~Wobble,--,cWW,cW-W,4U25_BA.G2304-BA.U2312
4U25,CA,677,U,CA,713,G,CA.U677-CA.G713,~Wobble,--,cWW,cW-W,4U25_CA.U677-CA.G713
6CAE,1A,2316,G,1A,2324,U,1A.G2316-1A.U2324,~Wobble,--,cWW,cW-W,6CAE_1A.G2316-1A.U2324
6CAE,1a,677,U,1a,713,G,1a.U677-1a.G713,~Wobble,--,cWW,cW-W,6CAE_1a.U677-1a.G713
6CAE,2a,677,U,2a,713,G,2a.U677-2a.G713,~Wobble,--,cWW,cW-W,6CAE_2a.U677-2a.G713
6CAE,2a,1086,U,2a,1099,G,2a.U1086-2a.G1099,~Wobble,--,cWW,cW-W,6CAE_2a.U1086-2a.G1099
7N1P,16,677,U,16,713,G,16.U677-16.G713,~Wobble,--,cWW,cW-W,7N1P_16.U677-16.G713
7N1P,16,1086,U,16,1099,G,16.U1086-16.G1099,~Wobble,--,cWW,cW-W,7N1P_16.U1086-16.G1099
4V8Q,BA,677,U,BA,713,G,BA.U677-BA.G713,~Wobble,--,cWW,cW-W,4V8Q_BA.U677-BA.G713
7UNW,a,671,U,a,707,G,a.U671-a.G707,~Wobble,--,cWW,cW-W,7UNW_a.U671-a.G707
7KGB,A,2542,G,A,2550,U,A.G2542-A.U2550,~Wobble,--,cWW,cW-W,7KGB_A.G2542-A.U2550
7KGB,a,668,U,a,704,G,a.U668-a.G704,~Wobble,--,cWW,cW-W,7KGB_a.U668-a.G704
7KGB,a,1077,U,a,1090,G,a.U1077-a.G1090,~Wobble,--,cWW,cW-W,7KGB_a.U1077-a.G1090
7OII,2,677,U,2,713,G,2.U677-2.G713,~Wobble,--,cWW,cW-W,7OII_2.U677-2.G713
7OII,2,1086,U,2,1099,G,2.U1086-2.G1099,~Wobble,--,cWW,cW-W,7OII_2.U1086-2.G1099
4B3T,A,677,U,A,713,G,A.U677-A.G713,~Wobble,--,cWW,cW-W,4B3T_A.U677-A.G713
4B3T,A,1086,U,A,1099,G,A.U1086-A.G1099,~Wobble,--,cWW,cW-W,4B3T_A.U1086-A.G1099
8AYE,A,677,U,A,713,G,A.U677-A.G713,~Wobble,--,cWW,cW-W,8AYE_A.U677-A.G713
8AYE,A,1086,U,A,1099,G,A.U1086-A.G1099,~Wobble,--,cWW,cW-W,8AYE_A.U1086-A.G1099
8AYE,a,2304,G,a,2312,U,a.G2304-a.U2312,~Wobble,--,cWW,cW-W,8AYE_a.G2304-a.U2312
2UUA,A,677,U,A,713,G,A.U677-A.G713,~Wobble,--,cWW,cW-W,2UUA_A.U677-A.G713
7R7A,1,441,U,1,493,G,1.U441-1.G493,~Wobble,--,cWW,cW-W,7R7A_1.U441-1.G493
7R7A,1,869,G,1,892,U,1.G869-1.U892,~Wobble,--,cWW,cW-W,7R7A_1.G869-1.U892
6ERI,AA,2321,G,AA,2329,U,AA.G2321-AA.U2329,--,--,cWW,cW-W,6ERI_AA.G2321-AA.U2329
6ERI,Ax,3,U,Ax,118,G,Ax.U3-Ax.G118,--,--,cWW,cW-W,6ERI_Ax.U3-Ax.G118
6ERI,BA,956,U,BA,973,G,BA.U956-BA.G973,~Wobble,--,cWW,cW-W,6ERI_BA.U956-BA.G973
4W2E,a,677,U,a,713,G,a.U677-a.G713,~Wobble,--,cWW,cW-W,4W2E_a.U677-a.G713
5W4K,1A,2316,G,1A,2324,U,1A.G2316-1A.U2324,~Wobble,--,cWW,cW-W,5W4K_1A.G2316-1A.U2324
5W4K,1a,677,U,1a,713,G,1a.U677-1a.G713,~Wobble,--,cWW,cW-W,5W4K_1a.U677-1a.G713
5W4K,2A,2304,G,2A,2312,U,2A.G2304-2A.U2312,~Wobble,--,cWW,cW-W,5W4K_2A.G2304-2A.U2312
5W4K,2a,677,U,2a,713,G,2a.U677-2a.G713,~Wobble,--,cWW,cW-W,5W4K_2a.U677-2a.G713
5W4K,2a,1086,U,2a,1099,G,2a.U1086-2a.G1099,~Wobble,--,cWW,cW-W,5W4K_2a.U1086-2a.G1099
3AKZ,E,26,G,E,44,U,E.G26-E.U44,--,--,cWW,cW-W,3AKZ_E.G26-E.U44
6SKF,BA,1015,G,BA,1024,U,BA.G1015-BA.U1024,~Wobble,--,cWW,cW-W,6SKF_BA.G1015-BA.U1024
6SKF,BA,2215,G,BA,2298,U,BA.G2215-BA.U2298,--,--,cWW,cW-W,6SKF_BA.G2215-BA.U2298
5J3C,RA,2304,G,RA,2312,U,RA.G2304-RA.U2312,~Wobble,--,cWW,cW-W,5J3C_RA.G2304-RA.U2312
5J3C,QA,677,U,QA,713,G,QA.U677-QA.G713,~Wobble,--,cWW,cW-W,5J3C_QA.U677-QA.G713
5J3C,QA,1086,U,QA,1099,G,QA.U1086-QA.G1099,~Wobble,--,cWW,cW-W,5J3C_QA.U1086-QA.G1099
5J3C,YA,2304,G,YA,2312,U,YA.G2304-YA.U2312,~Wobble,--,cWW,cW-W,5J3C_YA.G2304-YA.U2312
5J3C,XA,677,U,XA,713,G,XA.U677-XA.G713,~Wobble,--,cWW,cW-W,5J3C_XA.U677-XA.G713
5J3C,XA,1086,U,XA,1099,G,XA.U1086-XA.G1099,~Wobble,--,cWW,cW-W,5J3C_XA.U1086-XA.G1099
8G6X,a,2304,G,a,2312,U,a.G2304-a.U2312,~Wobble,--,cWW,cW-W,8G6X_a.G2304-a.U2312
1FJG,A,677,U,A,713,G,A.U677-A.G713,~Wobble,--,cWW,cW-W,1FJG_A.U677-A.G713
6SPC,a,1080,U,a,1093,G,a.U1080-a.G1093,~Wobble,--,cWW,cW-W,6SPC_a.U1080-a.G1093
6HRM,1,677,U,1,713,G,1.U677-1.G713,~Wobble,--,cWW,cW-W,6HRM_1.U677-1.G713
6HRM,1,1086,U,1,1099,G,1.U1086-1.G1099,~Wobble,--,cWW,cW-W,6HRM_1.U1086-1.G1099
7YLA,I,2304,G,I,2312,U,I.G2304-I.U2312,~Wobble,--,cWW,cW-W,7YLA_I.G2304-I.U2312
7TOS,16S,677,U,16S,713,G,16S.U677-16S.G713,~Wobble,--,cWW,cW-W,7TOS_16S.U677-16S.G713
7TOS,16S,1086,U,16S,1099,G,16S.U1086-16S.G1099,~Wobble,--,cWW,cW-W,7TOS_16S.U1086-16S.G1099
6T59,54,4097,G,54,4111,U,54.G4097-54.U4111,~Wobble,--,cWW,cW-W,6T59_54.G4097-54.U4111
6LU8,2,505,G,2,653,U,2.G505-2.U653,~Wobble,--,cWW,cW-W,6LU8_2.G505-2.U653
7OIG,2,1086,U,2,1099,G,2.U1086-2.G1099,~Wobble,--,cWW,cW-W,7OIG_2.U1086-2.G1099
5WIT,1A,2316,G,1A,2324,U,1A.G2316-1A.U2324,~Wobble,--,cWW,cW-W,5WIT_1A.G2316-1A.U2324
5WIT,1a,677,U,1a,713,G,1a.U677-1a.G713,--,--,cWW,cW-W,5WIT_1a.U677-1a.G713
5WIT,1a,1086,U,1a,1099,G,1a.U1086-1a.G1099,~Wobble,--,cWW,cW-W,5WIT_1a.U1086-1a.G1099
5WIT,2A,2130,U,2A,2159,G,2A.U2130-2A.G2159,~Wobble,--,cWW,cW-W,5WIT_2A.U2130-2A.G2159
5WIT,2a,677,U,2a,713,G,2a.U677-2a.G713,~Wobble,--,cWW,cW-W,5WIT_2a.U677-2a.G713
4U1V,AA,677,U,AA,713,G,AA.U677-AA.G713,--,--,cWW,cW-W,4U1V_AA.U677-AA.G713
4U1V,CA,677,U,CA,713,G,CA.U677-CA.G713,~Wobble,--,cWW,cW-W,4U1V_CA.U677-CA.G713
7BOI,A,677,U,A,713,G,A.U677-A.G713,~Wobble,--,cWW,cW-W,7BOI_A.U677-A.G713
1HR0,A,677,U,A,713,G,A.U677-A.G713,~Wobble,--,cWW,cW-W,1HR0_A.U677-A.G713
1HR0,A,1086,U,A,1099,G,A.U1086-A.G1099,~Wobble,--,cWW,cW-W,1HR0_A.U1086-A.G1099
5DFE,YA,2304,G,YA,2312,U,YA.G2304-YA.U2312,~Wobble,--,cWW,cW-W,5DFE_YA.G2304-YA.U2312
5DFE,XA,677,U,XA,713,G,XA.U677-XA.G713,~Wobble,--,cWW,cW-W,5DFE_XA.U677-XA.G713
5DFE,XA,1086,U,XA,1099,G,XA.U1086-XA.G1099,~Wobble,--,cWW,cW-W,5DFE_XA.U1086-XA.G1099
5DFE,QA,677,U,QA,713,G,QA.U677-QA.G713,~Wobble,--,cWW,cW-W,5DFE_QA.U677-QA.G713
5DFE,RA,2304,G,RA,2312,U,RA.G2304-RA.U2312,~Wobble,--,cWW,cW-W,5DFE_RA.G2304-RA.U2312
8G6Y,a,2304,G,a,2312,U,a.G2304-a.U2312,~Wobble,--,cWW,cW-W,8G6Y_a.G2304-a.U2312
7NHK,A,2317,G,A,2325,U,A.G2317-A.U2325,~Wobble,--,cWW,cW-W,7NHK_A.G2317-A.U2325
7NHK,a,703,U,a,739,G,a.U703-a.G739,~Wobble,--,cWW,cW-W,7NHK_a.U703-a.G739
7NHK,a,1113,U,a,1126,G,a.U1113-a.G1126,~Wobble,--,cWW,cW-W,7NHK_a.U1113-a.G1126
7UQB,1,542,G,1,549,U,1.G542-1.U549,--,--,cWW,cW-W,7UQB_1.G542-1.U549
4LF8,A,677,U,A,713,G,A.U677-A.G713,~Wobble,--,cWW,cW-W,4LF8_A.U677-A.G713
4LF8,A,1086,U,A,1099,G,A.U1086-A.G1099,~Wobble,--,cWW,cW-W,4LF8_A.U1086-A.G1099
7M4W,a,1083,U,a,1096,G,a.U1083-a.G1096,~Wobble,--,cWW,cW-W,7M4W_a.U1083-a.G1096
2OTJ,0,2586,U,0,2592,G,0.U2586-0.G2592,~Wobble,--,cWW,cW-W,2OTJ_0.U2586-0.G2592
5IB8,13,677,U,13,713,G,13.U677-13.G713,~Wobble,--,cWW,cW-W,5IB8_13.U677-13.G713
5IB8,1H,2304,G,1H,2312,U,1H.G2304-1H.U2312,~Wobble,--,cWW,cW-W,5IB8_1H.G2304-1H.U2312
5IB8,1G,677,U,1G,713,G,1G.U677-1G.G713,~Wobble,--,cWW,cW-W,5IB8_1G.U677-1G.G713
5IB8,1G,1086,U,1G,1099,G,1G.U1086-1G.G1099,~Wobble,--,cWW,cW-W,5IB8_1G.U1086-1G.G1099
7RQD,1A,2304,G,1A,2312,U,1A.G2304-1A.U2312,~Wobble,--,cWW,cW-W,7RQD_1A.G2304-1A.U2312
7RQD,1a,677,U,1a,713,G,1a.U677-1a.G713,~Wobble,--,cWW,cW-W,7RQD_1a.U677-1a.G713
7RQD,2A,2304,G,2A,2312,U,2A.G2304-2A.U2312,~Wobble,--,cWW,cW-W,7RQD_2A.G2304-2A.U2312
7RQD,2a,677,U,2a,713,G,2a.U677-2a.G713,~Wobble,--,cWW,cW-W,7RQD_2a.U677-2a.G713
7RQD,2a,1086,U,2a,1099,G,2a.U1086-2a.G1099,~Wobble,--,cWW,cW-W,7RQD_2a.U1086-2a.G1099
5VP2,1A,2316,G,1A,2324,U,1A.G2316-1A.U2324,~Wobble,--,cWW,cW-W,5VP2_1A.G2316-1A.U2324
5VP2,1a,677,U,1a,713,G,1a.U677-1a.G713,~Wobble,--,cWW,cW-W,5VP2_1a.U677-1a.G713
5VP2,2B,22,U,2B,61,G,2B.U22-2B.G61,--,--,cWW,cW-W,5VP2_2B.U22-2B.G61
5VP2,2a,677,U,2a,713,G,2a.U677-2a.G713,~Wobble,--,cWW,cW-W,5VP2_2a.U677-2a.G713
5VP2,2a,1086,U,2a,1099,G,2a.U1086-2a.G1099,~Wobble,--,cWW,cW-W,5VP2_2a.U1086-2a.G1099
7P7S,A,2317,G,A,2325,U,A.G2317-A.U2325,~Wobble,--,cWW,cW-W,7P7S_A.G2317-A.U2325
7P7S,a,703,U,a,739,G,a.U703-a.G739,~Wobble,--,cWW,cW-W,7P7S_a.U703-a.G739
7P7S,a,1113,U,a,1126,G,a.U1113-a.G1126,~Wobble,--,cWW,cW-W,7P7S_a.U1113-a.G1126
4U1U,CA,677,U,CA,713,G,CA.U677-CA.G713,~Wobble,--,cWW,cW-W,4U1U_CA.U677-CA.G713
4U1U,DA,2304,G,DA,2312,U,DA.G2304-DA.U2312,~Wobble,--,cWW,cW-W,4U1U_DA.G2304-DA.U2312
4V9H,AA,677,U,AA,713,G,AA.U677-AA.G713,~Wobble,--,cWW,cW-W,4V9H_AA.U677-AA.G713
1J5E,A,677,U,A,713,G,A.U677-A.G713,~Wobble,--,cWW,cW-W,1J5E_A.U677-A.G713
1J5E,A,1086,U,A,1099,G,A.U1086-A.G1099,~Wobble,--,cWW,cW-W,1J5E_A.U1086-A.G1099
4V5R,AA,677,U,AA,713,G,AA.U677-AA.G713,~Wobble,--,cWW,cW-W,4V5R_AA.U677-AA.G713
4V5R,BA,2304,G,BA,2312,U,BA.G2304-BA.U2312,~Wobble,--,cWW,cW-W,4V5R_BA.G2304-BA.U2312
4V5R,CA,677,U,CA,713,G,CA.U677-CA.G713,~Wobble,--,cWW,cW-W,4V5R_CA.U677-CA.G713
4V5R,DA,2304,G,DA,2312,U,DA.G2304-DA.U2312,~Wobble,--,cWW,cW-W,4V5R_DA.G2304-DA.U2312
2UXD,A,677,U,A,713,G,A.U677-A.G713,~Wobble,--,cWW,cW-W,2UXD_A.U677-A.G713
4WZD,13,677,U,13,713,G,13.U677-13.G713,~Wobble,--,cWW,cW-W,4WZD_13.U677-13.G713
4WZD,13,1086,U,13,1099,G,13.U1086-13.G1099,--,--,cWW,cW-W,4WZD_13.U1086-13.G1099
4WZD,1H,2304,G,1H,2312,U,1H.G2304-1H.U2312,~Wobble,--,cWW,cW-W,4WZD_1H.G2304-1H.U2312
4WZD,1G,677,U,1G,713,G,1G.U677-1G.G713,~Wobble,--,cWW,cW-W,4WZD_1G.U677-1G.G713
1KC8,A,2586,U,A,2592,G,A.U2586-A.G2592,~Wobble,--,cWW,cW-W,1KC8_A.U2586-A.G2592
7JQM,1A,2304,G,1A,2312,U,1A.G2304-1A.U2312,~Wobble,--,cWW,cW-W,7JQM_1A.G2304-1A.U2312
7JQM,1a,677,U,1a,713,G,1a.U677-1a.G713,~Wobble,--,cWW,cW-W,7JQM_1a.U677-1a.G713
7JQM,2a,677,U,2a,713,G,2a.U677-2a.G713,~Wobble,--,cWW,cW-W,7JQM_2a.U677-2a.G713
3CMA,0,2586,U,0,2592,G,0.U2586-0.G2592,~Wobble,--,cWW,cW-W,3CMA_0.U2586-0.G2592
7UVZ,A,2300,G,A,2308,U,A.G2300-A.U2308,~Wobble,--,cWW,cW-W,7UVZ_A.G2300-A.U2308
7UVZ,a,674,U,a,710,G,a.U674-a.G710,~Wobble,--,cWW,cW-W,7UVZ_a.U674-a.G710
4V8A,AA,2304,G,AA,2312,U,AA.G2304-AA.U2312,~Wobble,--,cWW,cW-W,4V8A_AA.G2304-AA.U2312
4V8A,CA,677,U,CA,713,G,CA.U677-CA.G713,~Wobble,--,cWW,cW-W,4V8A_CA.U677-CA.G713
4V8A,CA,1086,U,CA,1099,G,CA.U1086-CA.G1099,~Wobble,--,cWW,cW-W,4V8A_CA.U1086-CA.G1099
4V8A,DA,677,U,DA,713,G,DA.U677-DA.G713,~Wobble,--,cWW,cW-W,4V8A_DA.U677-DA.G713
7OTC,a,76,G,a,93,U,a.G76-a.U93,~Wobble,--,cWW,cW-W,7OTC_a.G76-a.U93
7OTC,a,677,U,a,713,G,a.U677-a.G713,~Wobble,--,cWW,cW-W,7OTC_a.U677-a.G713
7OTC,a,1086,U,a,1099,G,a.U1086-a.G1099,~Wobble,--,cWW,cW-W,7OTC_a.U1086-a.G1099
7QIW,2,424,G,2,643,U,2.G424-2.U643,~Wobble,--,cWW,cW-W,7QIW_2.G424-2.U643
7MSZ,A,2542,G,A,2550,U,A.G2542-A.U2550,~Wobble,--,cWW,cW-W,7MSZ_A.G2542-A.U2550
7ASM,A,2331,G,A,2339,U,A.G2331-A.U2339,~Wobble,--,cWW,cW-W,7ASM_A.G2331-A.U2339
7ASM,B,1,U,B,114,G,B.U1-B.G114,--,--,cWW,cW-W,7ASM_B.U1-B.G114
7UG7,16,76,G,16,93,U,16.G76-16.U93,~Wobble,--,cWW,cW-W,7UG7_16.G76-16.U93
7UG7,23,881,G,23,895,U,23.G881-23.U895,--,--,cWW,cW-W,7UG7_23.G881-23.U895
7S1I,C,1086,U,C,1099,G,C.U1086-C.G1099,~Wobble,--,cWW,cW-W,7S1I_C.U1086-C.G1099
7S1I,I,2304,G,I,2312,U,I.G2304-I.U2312,~Wobble,--,cWW,cW-W,7S1I_I.G2304-I.U2312
7ASO,X,592,G,X,765,U,X.G592-X.U765,~Wobble,--,cWW,cW-W,7ASO_X.G592-X.U765
7ASO,Y,1465,G,Y,1625,U,Y.G1465-Y.U1625,~Wobble,--,cWW,cW-W,7ASO_Y.G1465-Y.U1625
8EKB,1A,2304,G,1A,2312,U,1A.G2304-1A.U2312,~Wobble,--,cWW,cW-W,8EKB_1A.G2304-1A.U2312
8EKB,1a,677,U,1a,713,G,1a.U677-1a.G713,~Wobble,--,cWW,cW-W,8EKB_1a.U677-1a.G713
8EKB,2a,677,U,2a,713,G,2a.U677-2a.G713,~Wobble,--,cWW,cW-W,8EKB_2a.U677-2a.G713
8EKB,2a,1086,U,2a,1099,G,2a.U1086-2a.G1099,~Wobble,--,cWW,cW-W,8EKB_2a.U1086-2a.G1099
2VQE,A,677,U,A,713,G,A.U677-A.G713,~Wobble,--,cWW,cW-W,2VQE_A.U677-A.G713
5IB7,13,677,U,13,713,G,13.U677-13.G713,~Wobble,--,cWW,cW-W,5IB7_13.U677-13.G713
5IB7,1H,2304,G,1H,2312,U,1H.G2304-1H.U2312,~Wobble,--,cWW,cW-W,5IB7_1H.G2304-1H.U2312
5IB7,1G,1086,U,1G,1099,G,1G.U1086-1G.G1099,--,--,cWW,cW-W,5IB7_1G.U1086-1G.G1099
7MT2,A,471,G,A,481,U,A.G471-A.U481,--,--,cWW,cW-W,7MT2_A.G471-A.U481
7MT2,A,2542,G,A,2550,U,A.G2542-A.U2550,~Wobble,--,cWW,cW-W,7MT2_A.G2542-A.U2550
5EL6,1H,2304,G,1H,2312,U,1H.G2304-1H.U2312,~Wobble,--,cWW,cW-W,5EL6_1H.G2304-1H.U2312
5EL6,1G,1086,U,1G,1099,G,1G.U1086-1G.G1099,~Wobble,--,cWW,cW-W,5EL6_1G.U1086-1G.G1099
5EL6,14,2304,G,14,2312,U,14.G2304-14.U2312,~Wobble,--,cWW,cW-W,5EL6_14.G2304-14.U2312
7S1H,C,1086,U,C,1099,G,C.U1086-C.G1099,~Wobble,--,cWW,cW-W,7S1H_C.U1086-C.G1099
7S1H,I,2304,G,I,2312,U,I.G2304-I.U2312,~Wobble,--,cWW,cW-W,7S1H_I.G2304-I.U2312
4V7Y,CA,677,U,CA,713,G,CA.U677-CA.G713,~Wobble,--,cWW,cW-W,4V7Y_CA.U677-CA.G713
4V9F,0,2586,U,0,2592,G,0.U2586-0.G2592,~Wobble,--,cWW,cW-W,4V9F_0.U2586-0.G2592
1VQL,0,2586,U,0,2592,G,0.U2586-0.G2592,~Wobble,--,cWW,cW-W,1VQL_0.U2586-0.G2592
1VQ7,0,2586,U,0,2592,G,0.U2586-0.G2592,~Wobble,--,cWW,cW-W,1VQ7_0.U2586-0.G2592
8EV3,1,1022,U,1,1091,G,1.U1022-1.G1091,~Wobble,--,cWW,cW-W,8EV3_1.U1022-1.G1091
8EV3,1,3288,G,1,3299,U,1.G3288-1.U3299,~Wobble,--,cWW,cW-W,8EV3_1.G3288-1.U3299
8EV3,6,105,G,6,179,U,6.G105-6.U179,~Wobble,--,cWW,cW-W,8EV3_6.G105-6.U179
4V8G,AA,677,U,AA,713,G,AA.U677-AA.G713,~Wobble,--,cWW,cW-W,4V8G_AA.U677-AA.G713
4V8G,CA,677,U,CA,713,G,CA.U677-CA.G713,~Wobble,--,cWW,cW-W,4V8G_CA.U677-CA.G713
6XQD,1A,2304,G,1A,2312,U,1A.G2304-1A.U2312,~Wobble,--,cWW,cW-W,6XQD_1A.G2304-1A.U2312
6XQD,1a,677,U,1a,713,G,1a.U677-1a.G713,~Wobble,--,cWW,cW-W,6XQD_1a.U677-1a.G713
6XQD,2a,1086,U,2a,1099,G,2a.U1086-2a.G1099,~Wobble,--,cWW,cW-W,6XQD_2a.U1086-2a.G1099
4U3M,5,1019,G,5,1033,U,5.G1019-5.U1033,~Wobble,--,cWW,cW-W,4U3M_5.G1019-5.U1033
5DOX,1A,2304,G,1A,2312,U,1A.G2304-1A.U2312,~Wobble,--,cWW,cW-W,5DOX_1A.G2304-1A.U2312
5DOX,1a,677,U,1a,713,G,1a.U677-1a.G713,~Wobble,--,cWW,cW-W,5DOX_1a.U677-1a.G713
5DOX,1a,1086,U,1a,1099,G,1a.U1086-1a.G1099,~Wobble,--,cWW,cW-W,5DOX_1a.U1086-1a.G1099
8BUU,A,2333,G,A,2341,U,A.G2333-A.U2341,~Wobble,--,cWW,cW-W,8BUU_A.G2333-A.U2341
8BUU,a,850,U,a,855,G,a.U850-a.G855,--,--,cWW,cW-W,8BUU_a.U850-a.G855
8BUU,a,1096,U,a,1109,G,a.U1096-a.G1109,~Wobble,--,cWW,cW-W,8BUU_a.U1096-a.G1109
7TTU,1,1515,G,1,1565,U,1.G1515-1.U1565,~Wobble,--,cWW,cW-W,7TTU_1.G1515-1.U1565
4WQ1,13,79,G,13,89,U,13.G79-13.U89,~Wobble,--,cWW,cW-W,4WQ1_13.G79-13.U89
4WQ1,13,677,U,13,713,G,13.U677-13.G713,~Wobble,--,cWW,cW-W,4WQ1_13.U677-13.G713
4WQ1,13,1086,U,13,1099,G,13.U1086-13.G1099,~Wobble,--,cWW,cW-W,4WQ1_13.U1086-13.G1099
4WQ1,1H,2304,G,1H,2312,U,1H.G2304-1H.U2312,~Wobble,--,cWW,cW-W,4WQ1_1H.G2304-1H.U2312
4WQ1,1G,677,U,1G,713,G,1G.U677-1G.G713,~Wobble,--,cWW,cW-W,4WQ1_1G.U677-1G.G713
4WQ1,1G,1086,U,1G,1099,G,1G.U1086-1G.G1099,~Wobble,--,cWW,cW-W,4WQ1_1G.U1086-1G.G1099
4WQ1,14,2304,G,14,2312,U,14.G2304-14.U2312,~Wobble,--,cWW,cW-W,4WQ1_14.G2304-14.U2312
6SWA,q,499,G,q,647,U,q.G499-q.U647,--,--,cWW,cW-W,6SWA_q.G499-q.U647
5UMD,A,3545,U,A,3683,G,A.U3545-A.G3683,~Wobble,--,cWW,cW-W,5UMD_A.U3545-A.G3683
4LT8,QA,677,U,QA,713,G,QA.U677-QA.G713,~Wobble,--,cWW,cW-W,4LT8_QA.U677-QA.G713
4LT8,XA,677,U,XA,713,G,XA.U677-XA.G713,~Wobble,--,cWW,cW-W,4LT8_XA.U677-XA.G713
4LT8,XA,1086,U,XA,1099,G,XA.U1086-XA.G1099,~Wobble,--,cWW,cW-W,4LT8_XA.U1086-XA.G1099
4LT8,YA,2304,G,YA,2312,U,YA.G2304-YA.U2312,~Wobble,--,cWW,cW-W,4LT8_YA.G2304-YA.U2312
4V5L,AA,677,U,AA,713,G,AA.U677-AA.G713,~Wobble,--,cWW,cW-W,4V5L_AA.U677-AA.G713
4V5L,BA,2101,G,BA,2189,U,BA.G2101-BA.U2189,--,--,cWW,cW-W,4V5L_BA.G2101-BA.U2189
7OSM,18S,1277,G,18S,1434,U,18S.G1277-18S.U1434,~Wobble,--,cWW,cW-W,7OSM_18S.G1277-18S.U1434
7OSM,ASIT,51,U,ASIT,63,G,ASIT.U51-ASIT.G63,~Wobble,--,cWW,cW-W,7OSM_ASIT.U51-ASIT.G63
7OSM,PSIT,51,U,PSIT,65,G,PSIT.U51-PSIT.G65,~Wobble,--,cWW,cW-W,7OSM_PSIT.U51-PSIT.G65
7QIZ,2,424,G,2,643,U,2.G424-2.U643,~Wobble,--,cWW,cW-W,7QIZ_2.G424-2.U643
8BIP,1,1982,G,1,2040,U,1.G1982-1.U2040,~Wobble,--,cWW,cW-W,8BIP_1.G1982-1.U2040
3CCR,0,2586,U,0,2592,G,0.U2586-0.G2592,~Wobble,--,cWW,cW-W,3CCR_0.U2586-0.G2592
1JJ2,0,2586,U,0,2592,G,0.U2586-0.G2592,~Wobble,--,cWW,cW-W,1JJ2_0.U2586-0.G2592
4U4N,5,170,G,5,248,U,5.G170-5.U248,~Wobble,--,cWW,cW-W,4U4N_5.G170-5.U248
7RQE,1A,2304,G,1A,2312,U,1A.G2304-1A.U2312,~Wobble,--,cWW,cW-W,7RQE_1A.G2304-1A.U2312
7RQE,1a,677,U,1a,713,G,1a.U677-1a.G713,~Wobble,--,cWW,cW-W,7RQE_1a.U677-1a.G713
7RQE,2A,2304,G,2A,2312,U,2A.G2304-2A.U2312,~Wobble,--,cWW,cW-W,7RQE_2A.G2304-2A.U2312
7RQE,2a,677,U,2a,713,G,2a.U677-2a.G713,~Wobble,--,cWW,cW-W,7RQE_2a.U677-2a.G713
7RQE,2a,1086,U,2a,1099,G,2a.U1086-2a.G1099,~Wobble,--,cWW,cW-W,7RQE_2a.U1086-2a.G1099
7MSM,a,1077,U,a,1090,G,a.U1077-a.G1090,~Wobble,--,cWW,cW-W,7MSM_a.U1077-a.G1090
1K9M,A,2586,U,A,2592,G,A.U2586-A.G2592,~Wobble,--,cWW,cW-W,1K9M_A.U2586-A.G2592
6XU8,A5,170,G,A5,277,U,A5.G170-A5.U277,~Wobble,--,cWW,cW-W,6XU8_A5.G170-A5.U277
6XU8,A5,1198,U,A5,1312,G,A5.U1198-A5.G1312,~Wobble,--,cWW,cW-W,6XU8_A5.U1198-A5.G1312
6XU8,A5,2069,U,A5,2083,G,A5.U2069-A5.G2083,~Wobble,--,cWW,cW-W,6XU8_A5.U2069-A5.G2083
6XU8,A5,2811,G,A5,3128,U,A5.G2811-A5.U3128,~Wobble,--,cWW,cW-W,6XU8_A5.G2811-A5.U3128
7OE1,A,677,U,A,713,G,A.U677-A.G713,~Wobble,--,cWW,cW-W,7OE1_A.U677-A.G713
4V8N,AA,677,U,AA,713,G,AA.U677-AA.G713,~Wobble,--,cWW,cW-W,4V8N_AA.U677-AA.G713
4V8N,AW,12,U,AW,26,G,AW.U12-AW.G26,--,--,cWW,cW-W,4V8N_AW.U12-AW.G26
4V8N,CA,677,U,CA,713,G,CA.U677-CA.G713,~Wobble,--,cWW,cW-W,4V8N_CA.U677-CA.G713
4V8N,CW,12,U,CW,26,G,CW.U12-CW.G26,--,--,cWW,cW-W,4V8N_CW.U12-CW.G26
5J4D,A,677,U,A,713,G,A.U677-A.G713,~Wobble,--,cWW,cW-W,5J4D_A.U677-A.G713
5J4D,A,1086,U,A,1099,G,A.U1086-A.G1099,~Wobble,--,cWW,cW-W,5J4D_A.U1086-A.G1099
5J4D,B,2304,G,B,2312,U,B.G2304-B.U2312,~Wobble,--,cWW,cW-W,5J4D_B.G2304-B.U2312
5J4D,FB,677,U,FB,713,G,FB.U677-FB.G713,~Wobble,--,cWW,cW-W,5J4D_FB.U677-FB.G713
5J4D,FB,1086,U,FB,1099,G,FB.U1086-FB.G1099,~Wobble,--,cWW,cW-W,5J4D_FB.U1086-FB.G1099
5J4D,GB,2304,G,GB,2312,U,GB.G2304-GB.U2312,~Wobble,--,cWW,cW-W,5J4D_GB.G2304-GB.U2312
5MGP,a,677,U,a,713,G,a.U677-a.G713,~Wobble,--,cWW,cW-W,5MGP_a.U677-a.G713
5MGP,a,1086,U,a,1099,G,a.U1086-a.G1099,~Wobble,--,cWW,cW-W,5MGP_a.U1086-a.G1099
3G6E,0,2586,U,0,2592,G,0.U2586-0.G2592,~Wobble,--,cWW,cW-W,3G6E_0.U2586-0.G2592
5J4B,1A,2316,G,1A,2324,U,1A.G2316-1A.U2324,~Wobble,--,cWW,cW-W,5J4B_1A.G2316-1A.U2324
5J4B,1a,677,U,1a,713,G,1a.U677-1a.G713,~Wobble,--,cWW,cW-W,5J4B_1a.U677-1a.G713
5J4B,2A,2304,G,2A,2312,U,2A.G2304-2A.U2312,~Wobble,--,cWW,cW-W,5J4B_2A.G2304-2A.U2312
5J4B,2a,677,U,2a,713,G,2a.U677-2a.G713,~Wobble,--,cWW,cW-W,5J4B_2a.U677-2a.G713
5J4B,2a,1086,U,2a,1099,G,2a.U1086-2a.G1099,~Wobble,--,cWW,cW-W,5J4B_2a.U1086-2a.G1099
7M4Y,a,1083,U,a,1096,G,a.U1083-a.G1096,~Wobble,--,cWW,cW-W,7M4Y_a.U1083-a.G1096
4W2G,AA,677,U,AA,713,G,AA.U677-AA.G713,~Wobble,--,cWW,cW-W,4W2G_AA.U677-AA.G713
4W2G,AA,1086,U,AA,1099,G,AA.U1086-AA.G1099,~Wobble,--,cWW,cW-W,4W2G_AA.U1086-AA.G1099
4W2G,BA,2316,G,BA,2324,U,BA.G2316-BA.U2324,~Wobble,--,cWW,cW-W,4W2G_BA.G2316-BA.U2324
4W2G,CA,677,U,CA,713,G,CA.U677-CA.G713,~Wobble,--,cWW,cW-W,4W2G_CA.U677-CA.G713
4W2G,DA,2304,G,DA,2312,U,DA.G2304-DA.U2312,~Wobble,--,cWW,cW-W,4W2G_DA.G2304-DA.U2312
1VQP,0,2586,U,0,2592,G,0.U2586-0.G2592,~Wobble,--,cWW,cW-W,1VQP_0.U2586-0.G2592
5T2A,A,178,G,A,278,U,A.G178-A.U278,--,--,cWW,cW-W,5T2A_A.G178-A.U278
5T2A,B,1438,G,B,1461,U,B.G1438-B.U1461,~Wobble,--,cWW,cW-W,5T2A_B.G1438-B.U1461
5T2A,2,707,U,2,744,G,2.U707-2.G744,~Wobble,--,cWW,cW-W,5T2A_2.U707-2.G744
5T2A,2,2006,G,2,2022,U,2.G2006-2.U2022,~Wobble,--,cWW,cW-W,5T2A_2.G2006-2.U2022
4V85,AA,677,U,AA,713,G,AA.U677-AA.G713,~Wobble,--,cWW,cW-W,4V85_AA.U677-AA.G713
4V85,BA,2304,G,BA,2312,U,BA.G2304-BA.U2312,~Wobble,--,cWW,cW-W,4V85_BA.G2304-BA.U2312
6TBV,16S1,677,U,16S1,713,G,16S1.U677-16S1.G713,~Wobble,--,cWW,cW-W,6TBV_16S1.U677-16S1.G713
6TBV,16S1,1086,U,16S1,1099,G,16S1.U1086-16S1.G1099,~Wobble,--,cWW,cW-W,6TBV_16S1.U1086-16S1.G1099
6TBV,23S1,2304,G,23S1,2312,U,23S1.G2304-23S1.U2312,~Wobble,--,cWW,cW-W,6TBV_23S1.G2304-23S1.U2312
4V6A,BA,2304,G,BA,2312,U,BA.G2304-BA.U2312,~Wobble,--,cWW,cW-W,4V6A_BA.G2304-BA.U2312
4V6A,CA,677,U,CA,713,G,CA.U677-CA.G713,~Wobble,--,cWW,cW-W,4V6A_CA.U677-CA.G713
4V6A,CA,1086,U,CA,1099,G,CA.U1086-CA.G1099,~Wobble,--,cWW,cW-W,4V6A_CA.U1086-CA.G1099
4WRA,13,677,U,13,713,G,13.U677-13.G713,~Wobble,--,cWW,cW-W,4WRA_13.U677-13.G713
4WRA,13,1086,U,13,1099,G,13.U1086-13.G1099,~Wobble,--,cWW,cW-W,4WRA_13.U1086-13.G1099
4WRA,1H,2304,G,1H,2312,U,1H.G2304-1H.U2312,~Wobble,--,cWW,cW-W,4WRA_1H.G2304-1H.U2312
4WRA,1G,677,U,1G,713,G,1G.U677-1G.G713,~Wobble,--,cWW,cW-W,4WRA_1G.U677-1G.G713
4WRA,1G,1086,U,1G,1099,G,1G.U1086-1G.G1099,~Wobble,--,cWW,cW-W,4WRA_1G.U1086-1G.G1099
4V9B,AA,79,G,AA,89,U,AA.G79-AA.U89,~Wobble,--,cWW,cW-W,4V9B_AA.G79-AA.U89
4V9B,AA,677,U,AA,713,G,AA.U677-AA.G713,~Wobble,--,cWW,cW-W,4V9B_AA.U677-AA.G713
4V9B,BA,2304,G,BA,2312,U,BA.G2304-BA.U2312,~Wobble,--,cWW,cW-W,4V9B_BA.G2304-BA.U2312
4V9B,CA,677,U,CA,713,G,CA.U677-CA.G713,~Wobble,--,cWW,cW-W,4V9B_CA.U677-CA.G713
4V9B,CA,1086,U,CA,1099,G,CA.U1086-CA.G1099,~Wobble,--,cWW,cW-W,4V9B_CA.U1086-CA.G1099
5WIS,1A,2316,G,1A,2324,U,1A.G2316-1A.U2324,~Wobble,--,cWW,cW-W,5WIS_1A.G2316-1A.U2324
5WIS,1a,677,U,1a,713,G,1a.U677-1a.G713,~Wobble,--,cWW,cW-W,5WIS_1a.U677-1a.G713
5WIS,2B,22,U,2B,61,G,2B.U22-2B.G61,~Wobble,--,cWW,cW-W,5WIS_2B.U22-2B.G61
5WIS,2a,677,U,2a,713,G,2a.U677-2a.G713,~Wobble,--,cWW,cW-W,5WIS_2a.U677-2a.G713
5WIS,2a,1086,U,2a,1099,G,2a.U1086-2a.G1099,~Wobble,--,cWW,cW-W,5WIS_2a.U1086-2a.G1099
7OYC,51,642,G,51,721,U,51.G642-51.U721,~Wobble,--,cWW,cW-W,7OYC_51.G642-51.U721
5UYM,A,677,U,A,713,G,A.U677-A.G713,~Wobble,--,cWW,cW-W,5UYM_A.U677-A.G713
5UYM,A,1086,U,A,1099,G,A.U1086-A.G1099,~Wobble,--,cWW,cW-W,5UYM_A.U1086-A.G1099
5UYM,1,2304,G,1,2312,U,01.G2304-01.U2312,~Wobble,--,cWW,cW-W,5UYM_01.G2304-01.U2312
8EUP,1,1022,U,1,1091,G,1.U1022-1.G1091,~Wobble,--,cWW,cW-W,8EUP_1.U1022-1.G1091
3T1H,A,660,U,A,696,G,A.U660-A.G696,~Wobble,--,cWW,cW-W,3T1H_A.U660-A.G696
4B3M,A,677,U,A,713,G,A.U677-A.G713,~Wobble,--,cWW,cW-W,4B3M_A.U677-A.G713
6R6P,5,4765,G,5,4869,U,5.G4765-5.U4869,~Wobble,--,cWW,cW-W,6R6P_5.G4765-5.U4869
3CCE,0,2586,U,0,2592,G,0.U2586-0.G2592,~Wobble,--,cWW,cW-W,3CCE_0.U2586-0.G2592
5J91,AA,677,U,AA,713,G,AA.U677-AA.G713,~Wobble,--,cWW,cW-W,5J91_AA.U677-AA.G713
5J91,BA,677,U,BA,713,G,BA.U677-BA.G713,~Wobble,--,cWW,cW-W,5J91_BA.U677-BA.G713
5J91,CA,2304,G,CA,2312,U,CA.G2304-CA.U2312,~Wobble,--,cWW,cW-W,5J91_CA.G2304-CA.U2312
5J91,DA,2304,G,DA,2312,U,DA.G2304-DA.U2312,~Wobble,--,cWW,cW-W,5J91_DA.G2304-DA.U2312
6ZTP,AA,677,U,AA,713,G,AA.U677-AA.G713,~Wobble,--,cWW,cW-W,6ZTP_AA.U677-AA.G713
6ZTP,BA,2304,G,BA,2312,U,BA.G2304-BA.U2312,~Wobble,--,cWW,cW-W,6ZTP_BA.G2304-BA.U2312
6UO1,1a,677,U,1a,713,G,1a.U677-1a.G713,~Wobble,--,cWW,cW-W,6UO1_1a.U677-1a.G713
6UO1,2a,677,U,2a,713,G,2a.U677-2a.G713,~Wobble,--,cWW,cW-W,6UO1_2a.U677-2a.G713
6UO1,2a,1086,U,2a,1099,G,2a.U1086-2a.G1099,~Wobble,--,cWW,cW-W,6UO1_2a.U1086-2a.G1099
6LKQ,s,677,U,s,713,G,s.U677-s.G713,~Wobble,--,cWW,cW-W,6LKQ_s.U677-s.G713
6LKQ,t,2304,G,t,2312,U,t.G2304-t.U2312,~Wobble,--,cWW,cW-W,6LKQ_t.G2304-t.U2312
7RQ9,1a,677,U,1a,713,G,1a.U677-1a.G713,~Wobble,--,cWW,cW-W,7RQ9_1a.U677-1a.G713
7RQ9,2a,1086,U,2a,1099,G,2a.U1086-2a.G1099,~Wobble,--,cWW,cW-W,7RQ9_2a.U1086-2a.G1099
3IGI,A,164,U,A,213,G,A.U164-A.G213,~Wobble,--,cWW,cW-W,3IGI_A.U164-A.G213
4W2H,BA,2316,G,BA,2324,U,BA.G2316-BA.U2324,~Wobble,--,cWW,cW-W,4W2H_BA.G2316-BA.U2324
4W2H,CA,1086,U,CA,1099,G,CA.U1086-CA.G1099,~Wobble,--,cWW,cW-W,4W2H_CA.U1086-CA.G1099
4W2H,DA,881,G,DA,895,U,DA.G881-DA.U895,~Wobble,--,cWW,cW-W,4W2H_DA.G881-DA.U895